t_sec,x,y,z,solve_ms
26.6212,1.921257,1.370345,0.818878,0.000
32.1255,3.394286,1.288364,3.342261,0.000
36.4054,2.000000,0.000000,0.000000,0.000
36.4061,2.000000,0.000000,0.000000,0.000
36.4065,2.000000,0.000000,0.000000,0.000
36.4068,2.000000,0.000000,0.000000,0.000
36.5052,2.000000,0.000000,0.000000,0.000
36.5056,2.000000,0.000000,0.000000,0.000
36.5059,2.000000,0.000000,0.000000,0.000
36.5062,2.000000,0.000000,0.000000,0.000
36.6054,2.000000,0.000000,0.000000,0.000
36.6061,2.000000,0.000000,0.000000,0.000
36.6064,2.000000,0.000000,0.000000,0.000
36.6065,2.000000,0.000000,0.000000,0.000
36.7055,2.000000,0.000000,0.000000,0.000
36.7060,2.000000,0.000000,0.000000,0.000
36.7064,2.000000,0.000000,0.000000,0.000
36.7067,2.000000,0.000000,0.000000,0.000
36.8049,2.000000,0.000000,0.000000,0.000
36.8052,2.000000,0.000000,0.000000,0.000
36.8054,2.000000,0.000000,0.000000,0.000
36.8056,2.000000,0.000000,0.000000,0.000
36.9062,2.000000,0.000000,0.000000,0.000
36.9066,2.000000,0.000000,0.000000,0.000
36.9068,2.000000,0.000000,0.000000,0.000
36.9070,2.000000,0.000000,0.000000,0.000
37.0057,2.000000,0.000000,0.000000,0.000
37.0062,2.000000,0.000000,0.000000,0.000
37.0065,2.000000,0.000000,0.000000,0.000
37.0066,2.000000,0.000000,0.000000,0.000
37.1053,2.000000,0.000000,0.000000,0.000
37.1061,2.000000,0.000000,0.000000,0.000
37.1067,2.000000,0.000000,0.000000,0.000
37.1069,2.000000,0.000000,0.000000,0.000
37.2054,2.000000,0.000000,0.000000,0.000
37.2059,2.000000,0.000000,0.000000,0.000
37.2062,2.000000,0.000000,0.000000,0.000
37.2064,2.000000,0.000000,0.000000,0.000
37.3054,2.000000,0.000000,0.000000,0.000
37.3070,2.000000,0.000000,0.000000,0.000
37.3086,2.000000,0.000000,0.000000,0.000
37.3096,2.000000,0.000000,0.000000,0.000
37.4052,2.000000,0.000000,0.000000,0.000
37.4061,2.000000,0.000000,0.000000,0.000
37.4065,2.000000,0.000000,0.000000,0.000
37.4068,2.000000,0.000000,0.000000,0.000
37.5058,2.000000,0.000000,0.000000,0.000
37.5063,2.000000,0.000000,0.000000,0.000
37.5065,2.000000,0.000000,0.000000,0.000
37.5066,2.000000,0.000000,0.000000,0.000
37.6058,2.000000,0.000000,0.000000,0.000
37.6063,2.000000,0.000000,0.000000,0.000
37.6067,2.000000,0.000000,0.000000,0.000
37.6071,2.000000,0.000000,0.000000,0.000
37.6330,2.863544,1.507882,1.107182,0.000
38.2070,2.000000,0.000000,0.000000,0.000
38.2079,2.000000,0.000000,0.000000,0.000
38.2083,2.000000,0.000000,0.000000,0.000
38.2088,2.000000,0.000000,0.000000,0.000
38.3065,2.000000,0.000000,0.000000,0.000
38.3069,2.000000,0.000000,0.000000,0.000
38.3072,2.000000,0.000000,0.000000,0.000
38.3075,2.000000,0.000000,0.000000,0.000
38.4071,2.000000,0.000000,0.000000,0.000
38.4078,2.000000,0.000000,0.000000,0.000
38.4082,2.000000,0.000000,0.000000,0.000
38.4085,2.000000,0.000000,0.000000,0.000
38.5077,2.000000,0.000000,0.000000,0.000
38.5083,2.000000,0.000000,0.000000,0.000
38.5087,2.000000,0.000000,0.000000,0.000
38.5092,2.000000,0.000000,0.000000,0.000
38.6064,2.000000,0.000000,0.000000,0.000
38.6068,2.000000,0.000000,0.000000,0.000
38.6071,2.000000,0.000000,0.000000,0.000
38.6075,2.000000,0.000000,0.000000,0.000
38.7064,2.000000,0.000000,0.000000,0.000
38.7081,2.000000,0.000000,0.000000,0.000
38.7085,2.000000,0.000000,0.000000,0.000
38.7089,2.000000,0.000000,0.000000,0.000
38.8067,2.000000,0.000000,0.000000,0.000
38.8073,2.000000,0.000000,0.000000,0.000
38.8076,2.000000,0.000000,0.000000,0.000
38.8082,2.000000,0.000000,0.000000,0.000
38.9066,2.000000,0.000000,0.000000,0.000
38.9071,2.000000,0.000000,0.000000,0.000
38.9075,2.000000,0.000000,0.000000,0.000
38.9101,2.000000,0.000000,0.000000,0.000
39.0065,2.000000,0.000000,0.000000,0.000
39.0068,2.000000,0.000000,0.000000,0.000
39.0070,2.000000,0.000000,0.000000,0.000
39.0071,2.000000,0.000000,0.000000,0.000
39.1064,2.000000,0.000000,0.000000,0.000
39.1068,2.000000,0.000000,0.000000,0.000
39.1070,2.000000,0.000000,0.000000,0.000
39.1072,2.000000,0.000000,0.000000,0.000
39.2066,2.000000,0.000000,0.000000,0.000
39.2071,2.000000,0.000000,0.000000,0.000
39.2074,2.000000,0.000000,0.000000,0.000
39.2076,2.000000,0.000000,0.000000,0.000
39.3063,2.000000,0.000000,0.000000,0.000
39.3074,2.000000,0.000000,0.000000,0.000
39.3078,2.000000,0.000000,0.000000,0.000
39.3082,2.000000,0.000000,0.000000,0.000
39.4065,2.000000,0.000000,0.000000,0.000
39.4076,2.000000,0.000000,0.000000,0.000
39.4081,2.000000,0.000000,0.000000,0.000
39.4085,2.000000,0.000000,0.000000,0.000
39.5063,2.000000,0.000000,0.000000,0.000
39.5068,2.000000,0.000000,0.000000,0.000
39.5073,2.000000,0.000000,0.000000,0.000
39.5077,2.000000,0.000000,0.000000,0.000
39.6062,2.000000,0.000000,0.000000,0.000
39.6068,2.000000,0.000000,0.000000,0.000
39.6072,2.000000,0.000000,0.000000,0.000
39.6076,2.000000,0.000000,0.000000,0.000
39.7066,2.000000,0.000000,0.000000,0.000
39.7071,2.000000,0.000000,0.000000,0.000
39.7076,2.000000,0.000000,0.000000,0.000
39.7079,2.000000,0.000000,0.000000,0.000
39.8066,2.000000,0.000000,0.000000,0.000
39.8071,2.000000,0.000000,0.000000,0.000
39.8074,2.000000,0.000000,0.000000,0.000
39.8077,2.000000,0.000000,0.000000,0.000
39.9062,2.000000,0.000000,0.000000,0.000
39.9067,2.000000,0.000000,0.000000,0.000
39.9069,2.000000,0.000000,0.000000,0.000
39.9071,2.000000,0.000000,0.000000,0.000
40.0069,2.000000,0.000000,0.000000,0.000
40.0072,2.000000,0.000000,0.000000,0.000
40.0074,2.000000,0.000000,0.000000,0.000
40.0076,2.000000,0.000000,0.000000,0.000
40.1063,2.000000,0.000000,0.000000,0.000
40.1067,2.000000,0.000000,0.000000,0.000
40.1069,2.000000,0.000000,0.000000,0.000
40.1071,2.000000,0.000000,0.000000,0.000
40.2062,2.000000,0.000000,0.000000,0.000
40.2071,2.000000,0.000000,0.000000,0.000
40.2075,2.000000,0.000000,0.000000,0.000
40.2077,2.000000,0.000000,0.000000,0.000
40.3065,2.000000,0.000000,0.000000,0.000
40.3071,2.000000,0.000000,0.000000,0.000
40.3076,2.000000,0.000000,0.000000,0.000
40.3079,2.000000,0.000000,0.000000,0.000
40.4066,2.000000,0.000000,0.000000,0.000
40.4070,2.000000,0.000000,0.000000,0.000
40.4072,2.000000,0.000000,0.000000,0.000
40.4073,2.000000,0.000000,0.000000,0.000
40.5058,2.000000,0.000000,0.000000,0.000
40.5062,2.000000,0.000000,0.000000,0.000
40.5065,2.000000,0.000000,0.000000,0.000
40.5067,2.000000,0.000000,0.000000,0.000
40.6071,2.000000,0.000000,0.000000,0.000
40.6076,2.000000,0.000000,0.000000,0.000
40.6078,2.000000,0.000000,0.000000,0.000
40.6080,2.000000,0.000000,0.000000,0.000
40.7063,2.000000,0.000000,0.000000,0.000
40.7066,2.000000,0.000000,0.000000,0.000
40.7068,2.000000,0.000000,0.000000,0.000
40.7070,2.000000,0.000000,0.000000,0.000
40.8065,2.000000,0.000000,0.000000,0.000
40.8071,2.000000,0.000000,0.000000,0.000
40.8074,2.000000,0.000000,0.000000,0.000
40.8077,2.000000,0.000000,0.000000,0.000
40.9069,2.000000,0.000000,0.000000,0.000
40.9072,2.000000,0.000000,0.000000,0.000
40.9074,2.000000,0.000000,0.000000,0.000
40.9075,2.000000,0.000000,0.000000,0.000
41.0067,2.000000,0.000000,0.000000,0.000
41.0072,2.000000,0.000000,0.000000,0.000
41.0075,2.000000,0.000000,0.000000,0.000
41.0078,2.000000,0.000000,0.000000,0.000
41.1061,2.000000,0.000000,0.000000,0.000
41.1066,2.000000,0.000000,0.000000,0.000
41.1069,2.000000,0.000000,0.000000,0.000
41.1072,2.000000,0.000000,0.000000,0.000
41.2061,2.000000,0.000000,0.000000,0.000
41.2065,2.000000,0.000000,0.000000,0.000
41.2068,2.000000,0.000000,0.000000,0.000
41.2070,2.000000,0.000000,0.000000,0.000
41.3061,2.000000,0.000000,0.000000,0.000
41.3065,2.000000,0.000000,0.000000,0.000
41.3066,2.000000,0.000000,0.000000,0.000
41.3068,2.000000,0.000000,0.000000,0.000
41.4061,2.000000,0.000000,0.000000,0.000
41.4067,2.000000,0.000000,0.000000,0.000
41.4070,2.000000,0.000000,0.000000,0.000
41.4074,2.000000,0.000000,0.000000,0.000
41.5059,2.000000,0.000000,0.000000,0.000
41.5064,2.000000,0.000000,0.000000,0.000
41.5068,2.000000,0.000000,0.000000,0.000
41.5071,2.000000,0.000000,0.000000,0.000
41.6064,2.000000,0.000000,0.000000,0.000
41.6069,2.000000,0.000000,0.000000,0.000
41.6074,2.000000,0.000000,0.000000,0.000
41.6076,2.000000,0.000000,0.000000,0.000
41.7063,2.000000,0.000000,0.000000,0.000
41.7083,2.000000,0.000000,0.000000,0.000
41.7086,2.000000,0.000000,0.000000,0.000
41.7088,2.000000,0.000000,0.000000,0.000
41.8063,2.000000,0.000000,0.000000,0.000
41.8070,2.000000,0.000000,0.000000,0.000
41.8072,2.000000,0.000000,0.000000,0.000
41.8073,2.000000,0.000000,0.000000,0.000
41.9066,2.000000,0.000000,0.000000,0.000
41.9068,2.000000,0.000000,0.000000,0.000
41.9070,2.000000,0.000000,0.000000,0.000
41.9071,2.000000,0.000000,0.000000,0.000
42.0060,2.000000,0.000000,0.000000,0.000
42.0064,2.000000,0.000000,0.000000,0.000
42.0065,2.000000,0.000000,0.000000,0.000
42.0067,2.000000,0.000000,0.000000,0.000
42.1064,2.000000,0.000000,0.000000,0.000
42.1067,2.000000,0.000000,0.000000,0.000
42.1069,2.000000,0.000000,0.000000,0.000
42.1071,2.000000,0.000000,0.000000,0.000
42.2063,2.000000,0.000000,0.000000,0.000
42.2087,2.000000,0.000000,0.000000,0.000
42.2090,2.000000,0.000000,0.000000,0.000
42.2092,2.000000,0.000000,0.000000,0.000
42.3064,2.000000,0.000000,0.000000,0.000
42.3068,2.000000,0.000000,0.000000,0.000
42.3070,2.000000,0.000000,0.000000,0.000
42.3071,2.000000,0.000000,0.000000,0.000
42.4066,2.000000,0.000000,0.000000,0.000
42.4071,2.000000,0.000000,0.000000,0.000
42.4076,2.000000,0.000000,0.000000,0.000
42.4079,2.000000,0.000000,0.000000,0.000
42.5065,2.000000,0.000000,0.000000,0.000
42.5080,2.000000,0.000000,0.000000,0.000
42.5083,2.000000,0.000000,0.000000,0.000
42.5084,2.000000,0.000000,0.000000,0.000
42.6067,2.000000,0.000000,0.000000,0.000
42.6071,2.000000,0.000000,0.000000,0.000
42.6076,2.000000,0.000000,0.000000,0.000
42.6079,2.000000,0.000000,0.000000,0.000
42.7065,2.000000,0.000000,0.000000,0.000
42.7073,2.000000,0.000000,0.000000,0.000
42.7076,2.000000,0.000000,0.000000,0.000
42.7077,2.000000,0.000000,0.000000,0.000
42.8069,2.000000,0.000000,0.000000,0.000
42.8076,2.000000,0.000000,0.000000,0.000
42.8081,2.000000,0.000000,0.000000,0.000
42.8086,2.000000,0.000000,0.000000,0.000
42.9059,2.000000,0.000000,0.000000,0.000
42.9066,2.000000,0.000000,0.000000,0.000
42.9070,2.000000,0.000000,0.000000,0.000
42.9074,2.000000,0.000000,0.000000,0.000
43.0065,2.000000,0.000000,0.000000,0.000
43.0070,2.000000,0.000000,0.000000,0.000
43.0073,2.000000,0.000000,0.000000,0.000
43.0076,2.000000,0.000000,0.000000,0.000
43.1065,2.000000,0.000000,0.000000,0.000
43.1069,2.000000,0.000000,0.000000,0.000
43.1071,2.000000,0.000000,0.000000,0.000
43.1073,2.000000,0.000000,0.000000,0.000
43.1323,2.144925,0.304153,2.879900,0.000
43.7069,2.000000,0.000000,0.000000,0.000
43.7074,2.000000,0.000000,0.000000,0.000
43.7078,2.000000,0.000000,0.000000,0.000
43.7085,2.000000,0.000000,0.000000,0.000
43.8064,2.000000,0.000000,0.000000,0.000
43.8068,2.000000,0.000000,0.000000,0.000
43.8071,2.000000,0.000000,0.000000,0.000
43.8073,2.000000,0.000000,0.000000,0.000
43.9069,2.000000,0.000000,0.000000,0.000
43.9078,2.000000,0.000000,0.000000,0.000
43.9080,2.000000,0.000000,0.000000,0.000
43.9082,2.000000,0.000000,0.000000,0.000
44.0065,2.000000,0.000000,0.000000,0.000
44.0071,2.000000,0.000000,0.000000,0.000
44.0074,2.000000,0.000000,0.000000,0.000
44.0077,2.000000,0.000000,0.000000,0.000
44.1067,2.000000,0.000000,0.000000,0.000
44.1071,2.000000,0.000000,0.000000,0.000
44.1075,2.000000,0.000000,0.000000,0.000
44.1080,2.000000,0.000000,0.000000,0.000
44.2063,2.000000,0.000000,0.000000,0.000
44.2066,2.000000,0.000000,0.000000,0.000
44.2068,2.000000,0.000000,0.000000,0.000
44.2070,2.000000,0.000000,0.000000,0.000
44.3065,2.000000,0.000000,0.000000,0.000
44.3069,2.000000,0.000000,0.000000,0.000
44.3073,2.000000,0.000000,0.000000,0.000
44.3075,2.000000,0.000000,0.000000,0.000
44.4067,2.000000,0.000000,0.000000,0.000
44.4070,2.000000,0.000000,0.000000,0.000
44.4072,2.000000,0.000000,0.000000,0.000
44.4074,2.000000,0.000000,0.000000,0.000
44.5065,2.000000,0.000000,0.000000,0.000
44.5070,2.000000,0.000000,0.000000,0.000
44.5075,2.000000,0.000000,0.000000,0.000
44.5078,2.000000,0.000000,0.000000,0.000
44.6065,2.000000,0.000000,0.000000,0.000
44.6071,2.000000,0.000000,0.000000,0.000
44.6075,2.000000,0.000000,0.000000,0.000
44.6078,2.000000,0.000000,0.000000,0.000
44.7061,2.000000,0.000000,0.000000,0.000
44.7064,2.000000,0.000000,0.000000,0.000
44.7066,2.000000,0.000000,0.000000,0.000
44.7069,2.000000,0.000000,0.000000,0.000
44.8069,2.000000,0.000000,0.000000,0.000
44.8073,2.000000,0.000000,0.000000,0.000
44.8076,2.000000,0.000000,0.000000,0.000
44.8079,2.000000,0.000000,0.000000,0.000
44.9066,2.000000,0.000000,0.000000,0.000
44.9069,2.000000,0.000000,0.000000,0.000
44.9071,2.000000,0.000000,0.000000,0.000
44.9073,2.000000,0.000000,0.000000,0.000
45.0060,2.000000,0.000000,0.000000,0.000
45.0064,2.000000,0.000000,0.000000,0.000
45.0066,2.000000,0.000000,0.000000,0.000
45.0068,2.000000,0.000000,0.000000,0.000
45.1060,2.000000,0.000000,0.000000,0.000
45.1063,2.000000,0.000000,0.000000,0.000
45.1064,2.000000,0.000000,0.000000,0.000
45.1066,2.000000,0.000000,0.000000,0.000
45.2064,2.000000,0.000000,0.000000,0.000
45.2069,2.000000,0.000000,0.000000,0.000
45.2071,2.000000,0.000000,0.000000,0.000
45.2074,2.000000,0.000000,0.000000,0.000
45.3061,2.000000,0.000000,0.000000,0.000
45.3064,2.000000,0.000000,0.000000,0.000
45.3067,2.000000,0.000000,0.000000,0.000
45.3071,2.000000,0.000000,0.000000,0.000
45.4061,2.000000,0.000000,0.000000,0.000
45.4064,2.000000,0.000000,0.000000,0.000
45.4067,2.000000,0.000000,0.000000,0.000
45.4069,2.000000,0.000000,0.000000,0.000
45.5068,2.000000,0.000000,0.000000,0.000
45.5074,2.000000,0.000000,0.000000,0.000
45.5078,2.000000,0.000000,0.000000,0.000
45.5082,2.000000,0.000000,0.000000,0.000
45.6065,2.000000,0.000000,0.000000,0.000
45.6069,2.000000,0.000000,0.000000,0.000
45.6072,2.000000,0.000000,0.000000,0.000
45.6074,2.000000,0.000000,0.000000,0.000
45.7066,2.000000,0.000000,0.000000,0.000
45.7071,2.000000,0.000000,0.000000,0.000
45.7074,2.000000,0.000000,0.000000,0.000
45.7076,2.000000,0.000000,0.000000,0.000
45.8069,2.000000,0.000000,0.000000,0.000
45.8073,2.000000,0.000000,0.000000,0.000
45.8076,2.000000,0.000000,0.000000,0.000
45.8079,2.000000,0.000000,0.000000,0.000
45.9058,2.000000,0.000000,0.000000,0.000
45.9061,2.000000,0.000000,0.000000,0.000
45.9063,2.000000,0.000000,0.000000,0.000
45.9066,2.000000,0.000000,0.000000,0.000
46.0065,2.000000,0.000000,0.000000,0.000
46.0070,2.000000,0.000000,0.000000,0.000
46.0073,2.000000,0.000000,0.000000,0.000
46.0074,2.000000,0.000000,0.000000,0.000
46.1061,2.000000,0.000000,0.000000,0.000
46.1063,2.000000,0.000000,0.000000,0.000
46.1066,2.000000,0.000000,0.000000,0.000
46.1070,2.000000,0.000000,0.000000,0.000
46.2061,2.000000,0.000000,0.000000,0.000
46.2066,2.000000,0.000000,0.000000,0.000
46.2070,2.000000,0.000000,0.000000,0.000
46.2073,2.000000,0.000000,0.000000,0.000
46.3063,2.000194,0.000097,0.000000,0.000
46.3069,2.000194,0.000097,0.000000,0.000
46.3073,2.000194,0.000097,0.000000,0.000
46.3076,2.000194,0.000097,0.000000,0.000
46.4066,2.021904,0.010952,0.000000,0.000
46.4071,2.021904,0.010952,0.000000,0.000
46.4074,2.021904,0.010952,0.000000,0.000
46.4077,2.021904,0.010952,0.000000,0.000
46.5060,2.043354,0.021677,0.000000,0.000
46.5064,2.043354,0.021677,0.000000,0.000
46.5068,2.043354,0.021677,0.000000,0.000
46.5071,2.043354,0.021677,0.000000,0.000
46.6062,2.064656,0.032328,0.000000,0.000
46.6066,2.064656,0.032328,0.000000,0.000
46.6068,2.064656,0.032328,0.000000,0.000
46.6070,2.064656,0.032328,0.000000,0.000
46.7060,2.085459,0.042730,0.000000,0.000
46.7064,2.085459,0.042730,0.000000,0.000
46.7065,2.085459,0.042730,0.000000,0.000
46.7068,2.085459,0.042730,0.000000,0.000
46.8059,2.105796,0.052898,0.000000,0.000
46.8064,2.105796,0.052898,0.000000,0.000
46.8067,2.105796,0.052898,0.000000,0.000
46.8069,2.105796,0.052898,0.000000,0.000
46.9062,2.125498,0.062749,0.000000,0.000
46.9067,2.125498,0.062749,0.000000,0.000
46.9070,2.125498,0.062749,0.000000,0.000
46.9073,2.125498,0.062749,0.000000,0.000
47.0061,2.144404,0.072202,0.000000,0.000
47.0064,2.144404,0.072202,0.000000,0.000
47.0067,2.144404,0.072202,0.000000,0.000
47.0071,2.144404,0.072202,0.000000,0.000
47.1062,2.162441,0.081221,0.000000,0.000
47.1067,2.162441,0.081221,0.000000,0.000
47.1070,2.162441,0.081221,0.000000,0.000
47.1072,2.162441,0.081221,0.000000,0.000
47.2066,2.179534,0.089767,0.000000,0.000
47.2070,2.179534,0.089767,0.000000,0.000
47.2073,2.179534,0.089767,0.000000,0.000
47.2075,2.179534,0.089767,0.000000,0.000
47.3066,2.195401,0.097701,0.000000,0.000
47.3071,2.195401,0.097701,0.000000,0.000
47.3073,2.195401,0.097701,0.000000,0.000
47.3075,2.195401,0.097701,0.000000,0.000
47.4059,2.210024,0.105012,0.000000,0.000
47.4063,2.210024,0.105012,0.000000,0.000
47.4066,2.210024,0.105012,0.000000,0.000
47.4068,2.210024,0.105012,0.000000,0.000
47.5066,2.223514,0.111757,0.000000,0.000
47.5070,2.223514,0.111757,0.000000,0.000
47.5075,2.223514,0.111757,0.000000,0.000
47.5078,2.223514,0.111757,0.000000,0.000
47.6063,2.235507,0.117753,0.000000,0.000
47.6068,2.235507,0.117753,0.000000,0.000
47.6072,2.235507,0.117753,0.000000,0.000
47.6074,2.235507,0.117753,0.000000,0.000
47.7066,2.246100,0.123050,0.000000,0.000
47.7074,2.246100,0.123050,0.000000,0.000
47.7084,2.246100,0.123050,0.000000,0.000
47.7086,2.246100,0.123050,0.000000,0.000
47.8067,2.255178,0.127589,0.000000,0.000
47.8072,2.255178,0.127589,0.000000,0.000
47.8074,2.255178,0.127589,0.000000,0.000
47.8076,2.255178,0.127589,0.000000,0.000
47.9062,2.262638,0.131319,0.000000,0.000
47.9065,2.262638,0.131319,0.000000,0.000
47.9069,2.262638,0.131319,0.000000,0.000
47.9072,2.262638,0.131319,0.000000,0.000
48.0069,2.268538,0.134269,0.000000,0.000
48.0077,2.268538,0.134269,0.000000,0.000
48.0079,2.268538,0.134269,0.000000,0.000
48.0081,2.268538,0.134269,0.000000,0.000
48.1067,2.272734,0.136367,0.000000,0.000
48.1071,2.272734,0.136367,0.000000,0.000
48.1074,2.272734,0.136367,0.000000,0.000
48.1076,2.272734,0.136367,0.000000,0.000
48.2063,2.275255,0.137628,0.000000,0.000
48.2070,2.275255,0.137628,0.000000,0.000
48.2073,2.275255,0.137628,0.000000,0.000
48.2075,2.275255,0.137628,0.000000,0.000
48.3067,2.276090,0.138045,0.000000,0.000
48.3072,2.276090,0.138045,0.000000,0.000
48.3074,2.276090,0.138045,0.000000,0.000
48.3077,2.276090,0.138045,0.000000,0.000
48.4067,2.275213,0.137606,0.000000,0.000
48.4072,2.275213,0.137606,0.000000,0.000
48.4077,2.275213,0.137606,0.000000,0.000
48.4079,2.275213,0.137606,0.000000,0.000
48.5067,2.272647,0.136323,0.000000,0.000
48.5072,2.272647,0.136323,0.000000,0.000
48.5075,2.272647,0.136323,0.000000,0.000
48.5077,2.272647,0.136323,0.000000,0.000
48.6062,2.268419,0.134210,0.000000,0.000
48.6067,2.268419,0.134210,0.000000,0.000
48.6070,2.268419,0.134210,0.000000,0.000
48.6072,2.268419,0.134210,0.000000,0.000
49.2076,2.262509,0.131255,0.000000,0.000
49.2080,2.262509,0.131255,0.000000,0.000
49.2081,2.262509,0.131255,0.000000,0.000
49.2084,2.262509,0.131255,0.000000,0.000
49.3078,2.254995,0.127498,0.000000,0.000
49.3083,2.254995,0.127498,0.000000,0.000
49.3086,2.254995,0.127498,0.000000,0.000
49.3088,2.254995,0.127498,0.000000,0.000
49.4080,2.245858,0.122929,0.000000,0.000
49.4083,2.245858,0.122929,0.000000,0.000
49.4084,2.245858,0.122929,0.000000,0.000
49.4086,2.245858,0.122929,0.000000,0.000
49.5077,2.235280,0.117640,0.000000,0.000
49.5080,2.235280,0.117640,0.000000,0.000
49.5082,2.235280,0.117640,0.000000,0.000
49.5083,2.235280,0.117640,0.000000,0.000
49.6081,2.223175,0.111587,0.000000,0.000
49.6084,2.223175,0.111587,0.000000,0.000
49.6086,2.223175,0.111587,0.000000,0.000
49.6087,2.223175,0.111587,0.000000,0.000
49.7077,2.209799,0.104899,0.000000,0.000
49.7080,2.209799,0.104899,0.000000,0.000
49.7081,2.209799,0.104899,0.000000,0.000
49.7083,2.209799,0.104899,0.000000,0.000
49.8073,2.195128,0.097564,0.000000,0.000
49.8078,2.195128,0.097564,0.000000,0.000
49.8082,2.195128,0.097564,0.000000,0.000
49.8084,2.195128,0.097564,0.000000,0.000
49.9081,2.179074,0.089537,0.000000,0.000
49.9086,2.179074,0.089537,0.000000,0.000
49.9089,2.179074,0.089537,0.000000,0.000
49.9091,2.179074,0.089537,0.000000,0.000
50.0078,2.162083,0.081041,0.000000,0.000
50.0081,2.162083,0.081041,0.000000,0.000
50.0083,2.162083,0.081041,0.000000,0.000
50.0085,2.162083,0.081041,0.000000,0.000
50.1076,2.144116,0.072058,0.000000,0.000
50.1079,2.144116,0.072058,0.000000,0.000
50.1081,2.144116,0.072058,0.000000,0.000
50.1082,2.144116,0.072058,0.000000,0.000
50.2078,2.125206,0.062603,0.000000,0.000
50.2082,2.125206,0.062603,0.000000,0.000
50.2084,2.125206,0.062603,0.000000,0.000
50.2085,2.125206,0.062603,0.000000,0.000
50.3079,2.105398,0.052699,0.000000,0.000
50.3082,2.105398,0.052699,0.000000,0.000
50.3084,2.105398,0.052699,0.000000,0.000
50.3086,2.105398,0.052699,0.000000,0.000
50.4079,2.085023,0.042512,0.000000,0.000
50.4082,2.085023,0.042512,0.000000,0.000
50.4084,2.085023,0.042512,0.000000,0.000
50.4086,2.085023,0.042512,0.000000,0.000
50.5080,2.064145,0.032072,0.000000,0.000
50.5083,2.064145,0.032072,0.000000,0.000
50.5085,2.064145,0.032072,0.000000,0.000
50.5087,2.064145,0.032072,0.000000,0.000
50.6072,2.043045,0.021523,0.000000,0.000
50.6075,2.043045,0.021523,0.000000,0.000
50.6077,2.043045,0.021523,0.000000,0.000
50.6079,2.043045,0.021523,0.000000,0.000
50.7087,2.021475,0.010738,0.000000,0.000
50.7090,2.021475,0.010738,0.000000,0.000
50.7091,2.021475,0.010738,0.000000,0.000
50.7093,2.021475,0.010738,0.000000,0.000
50.8079,1.999704,-0.000148,0.000000,0.000
50.8081,1.999704,-0.000148,0.000000,0.000
50.8084,1.999704,-0.000148,0.000000,0.000
50.8087,1.999704,-0.000148,0.000000,0.000
50.9077,1.978114,-0.010943,0.000000,0.000
50.9079,1.978114,-0.010943,0.000000,0.000
50.9082,1.978114,-0.010943,0.000000,0.000
50.9083,1.978114,-0.010943,0.000000,0.000
51.0072,1.956681,-0.021660,0.000000,0.000
51.0076,1.956681,-0.021660,0.000000,0.000
51.0078,1.956681,-0.021660,0.000000,0.000
51.0080,1.956681,-0.021660,0.000000,0.000
51.1080,1.935259,-0.032371,0.000000,0.000
51.1082,1.935259,-0.032371,0.000000,0.000
51.1084,1.935259,-0.032371,0.000000,0.000
51.1085,1.935259,-0.032371,0.000000,0.000
51.2076,1.914524,-0.042738,0.000000,0.000
51.2080,1.914524,-0.042738,0.000000,0.000
51.2084,1.914524,-0.042738,0.000000,0.000
51.2087,1.914524,-0.042738,0.000000,0.000
51.3079,1.894072,-0.052964,0.000000,0.000
51.3082,1.894072,-0.052964,0.000000,0.000
51.3084,1.894072,-0.052964,0.000000,0.000
51.3086,1.894072,-0.052964,0.000000,0.000
51.4078,1.874402,-0.062799,0.000000,0.000
51.4081,1.874402,-0.062799,0.000000,0.000
51.4083,1.874402,-0.062799,0.000000,0.000
51.4085,1.874402,-0.062799,0.000000,0.000
51.5079,1.855490,-0.072255,0.000000,0.000
51.5082,1.855490,-0.072255,0.000000,0.000
51.5084,1.855490,-0.072255,0.000000,0.000
51.5085,1.855490,-0.072255,0.000000,0.000
51.6079,1.837492,-0.081254,0.000000,0.000
51.6083,1.837492,-0.081254,0.000000,0.000
51.6085,1.837492,-0.081254,0.000000,0.000
51.6087,1.837492,-0.081254,0.000000,0.000
51.7075,1.820534,-0.089733,0.000000,0.000
51.7078,1.820534,-0.089733,0.000000,0.000
51.7080,1.820534,-0.089733,0.000000,0.000
51.7081,1.820534,-0.089733,0.000000,0.000
51.8075,1.804655,-0.097672,0.000000,0.000
51.8079,1.804655,-0.097672,0.000000,0.000
51.8081,1.804655,-0.097672,0.000000,0.000
51.8084,1.804655,-0.097672,0.000000,0.000
51.9079,1.789885,-0.105057,0.000000,0.000
51.9081,1.789885,-0.105057,0.000000,0.000
51.9083,1.789885,-0.105057,0.000000,0.000
51.9085,1.789885,-0.105057,0.000000,0.000
52.0078,1.776474,-0.111763,0.000000,0.000
52.0081,1.776474,-0.111763,0.000000,0.000
52.0083,1.776474,-0.111763,0.000000,0.000
52.0085,1.776474,-0.111763,0.000000,0.000
52.1077,1.764480,-0.117760,0.000000,0.000
52.1081,1.764480,-0.117760,0.000000,0.000
52.1084,1.764480,-0.117760,0.000000,0.000
52.1087,1.764480,-0.117760,0.000000,0.000
52.2075,1.753912,-0.123044,0.000000,0.000
52.2078,1.753912,-0.123044,0.000000,0.000
52.2080,1.753912,-0.123044,0.000000,0.000
52.2082,1.753912,-0.123044,0.000000,0.000
52.3082,1.744805,-0.127598,0.000000,0.000
52.3085,1.744805,-0.127598,0.000000,0.000
52.3087,1.744805,-0.127598,0.000000,0.000
52.3088,1.744805,-0.127598,0.000000,0.000
52.4078,1.737346,-0.131327,0.000000,0.000
52.4081,1.737346,-0.131327,0.000000,0.000
52.4083,1.737346,-0.131327,0.000000,0.000
52.4084,1.737346,-0.131327,0.000000,0.000
52.5080,1.731476,-0.134262,0.000000,0.000
52.5084,1.731476,-0.134262,0.000000,0.000
52.5086,1.731476,-0.134262,0.000000,0.000
52.5087,1.731476,-0.134262,0.000000,0.000
52.6077,1.727274,-0.136363,0.000000,0.000
52.6082,1.727274,-0.136363,0.000000,0.000
52.6085,1.727274,-0.136363,0.000000,0.000
52.6088,1.727274,-0.136363,0.000000,0.000
52.7077,1.724746,-0.137627,0.000000,0.000
52.7081,1.724746,-0.137627,0.000000,0.000
52.7083,1.724746,-0.137627,0.000000,0.000
52.7084,1.724746,-0.137627,0.000000,0.000
52.8075,1.723910,-0.138045,0.000000,0.000
52.8078,1.723910,-0.138045,0.000000,0.000
52.8080,1.723910,-0.138045,0.000000,0.000
52.8082,1.723910,-0.138045,0.000000,0.000
52.9078,1.724780,-0.137610,0.000000,0.000
52.9082,1.724780,-0.137610,0.000000,0.000
52.9084,1.724780,-0.137610,0.000000,0.000
52.9086,1.724780,-0.137610,0.000000,0.000
53.0079,1.727334,-0.136333,0.000000,0.000
53.0082,1.727334,-0.136333,0.000000,0.000
53.0084,1.727334,-0.136333,0.000000,0.000
53.0085,1.727334,-0.136333,0.000000,0.000
53.1083,1.731616,-0.134192,0.000000,0.000
53.1086,1.731616,-0.134192,0.000000,0.000
53.1088,1.731616,-0.134192,0.000000,0.000
53.1090,1.731616,-0.134192,0.000000,0.000
53.2078,1.737475,-0.131262,0.000000,0.000
53.2085,1.737475,-0.131262,0.000000,0.000
53.2088,1.737475,-0.131262,0.000000,0.000
53.2090,1.737475,-0.131262,0.000000,0.000
53.3075,1.744982,-0.127509,0.000000,0.000
53.3079,1.744982,-0.127509,0.000000,0.000
53.3081,1.744982,-0.127509,0.000000,0.000
53.3083,1.744982,-0.127509,0.000000,0.000
53.4074,1.754072,-0.122964,0.000000,0.000
53.4079,1.754072,-0.122964,0.000000,0.000
53.4081,1.754072,-0.122964,0.000000,0.000
53.4083,1.754072,-0.122964,0.000000,0.000
53.5074,1.764674,-0.117663,0.000000,0.000
53.5078,1.764674,-0.117663,0.000000,0.000
53.5079,1.764674,-0.117663,0.000000,0.000
53.5081,1.764674,-0.117663,0.000000,0.000
53.6075,1.776728,-0.111636,0.000000,0.000
53.6083,1.776728,-0.111636,0.000000,0.000
53.6085,1.776728,-0.111636,0.000000,0.000
53.6087,1.776728,-0.111636,0.000000,0.000
53.7073,1.790147,-0.104927,0.000000,0.000
53.7089,1.790147,-0.104927,0.000000,0.000
53.7093,1.790147,-0.104927,0.000000,0.000
53.7096,1.790147,-0.104927,0.000000,0.000
53.8083,1.804880,-0.097560,0.000000,0.000
53.8086,1.804880,-0.097560,0.000000,0.000
53.8089,1.804880,-0.097560,0.000000,0.000
53.8092,1.804880,-0.097560,0.000000,0.000
53.9075,1.820832,-0.089584,0.000000,0.000
53.9078,1.820832,-0.089584,0.000000,0.000
53.9080,1.820832,-0.089584,0.000000,0.000
53.9082,1.820832,-0.089584,0.000000,0.000
54.0076,1.837873,-0.081063,0.000000,0.000
54.0081,1.837873,-0.081063,0.000000,0.000
54.0083,1.837873,-0.081063,0.000000,0.000
54.0085,1.837873,-0.081063,0.000000,0.000
54.1080,1.855963,-0.072018,0.000000,0.000
54.1086,1.855963,-0.072018,0.000000,0.000
54.1089,1.855963,-0.072018,0.000000,0.000
54.1091,1.855963,-0.072018,0.000000,0.000
54.7094,1.874972,-0.062514,0.000000,0.000
54.7100,1.874972,-0.062514,0.000000,0.000
54.7104,1.874972,-0.062514,0.000000,0.000
54.7108,1.874972,-0.062514,0.000000,0.000
54.8089,1.894584,-0.052708,0.000000,0.000
54.8094,1.894584,-0.052708,0.000000,0.000
54.8097,1.894584,-0.052708,0.000000,0.000
54.8100,1.894584,-0.052708,0.000000,0.000
54.9091,1.915001,-0.042499,0.000000,0.000
54.9095,1.915001,-0.042499,0.000000,0.000
54.9098,1.915001,-0.042499,0.000000,0.000
54.9101,1.915001,-0.042499,0.000000,0.000
55.0087,1.935789,-0.032106,0.000000,0.000
55.0090,1.935789,-0.032106,0.000000,0.000
55.0092,1.935789,-0.032106,0.000000,0.000
55.0097,1.935789,-0.032106,0.000000,0.000
55.1092,1.957165,-0.021418,0.000000,0.000
55.1095,1.957165,-0.021418,0.000000,0.000
55.1099,1.957165,-0.021418,0.000000,0.000
55.1101,1.957165,-0.021418,0.000000,0.000
55.2091,1.978653,-0.010673,0.000000,0.000
55.2094,1.978653,-0.010673,0.000000,0.000
55.2098,1.978653,-0.010673,0.000000,0.000
55.2103,1.978653,-0.010673,0.000000,0.000
55.3090,2.000307,0.000153,0.000000,0.000
55.3094,2.000307,0.000153,0.000000,0.000
55.3097,2.000307,0.000153,0.000000,0.000
55.3100,2.000307,0.000153,0.000000,0.000
55.4094,2.022029,0.011014,0.000000,0.000
55.4097,2.022029,0.011014,0.000000,0.000
55.4099,2.022029,0.011014,0.000000,0.000
55.4100,2.022029,0.011014,0.000000,0.000
55.5092,2.043548,0.021774,0.000000,0.000
55.5095,2.043548,0.021774,0.000000,0.000
55.5097,2.043548,0.021774,0.000000,0.000
55.5099,2.043548,0.021774,0.000000,0.000
55.6086,2.064597,0.032298,0.000000,0.000
55.6091,2.064597,0.032298,0.000000,0.000
55.6094,2.064597,0.032298,0.000000,0.000
55.6097,2.064597,0.032298,0.000000,0.000
55.7090,2.085578,0.042789,0.000000,0.000
55.7094,2.085578,0.042789,0.000000,0.000
55.7097,2.085578,0.042789,0.000000,0.000
55.7100,2.085578,0.042789,0.000000,0.000
55.8084,2.105821,0.052910,0.000000,0.000
55.8087,2.105821,0.052910,0.000000,0.000
55.8090,2.105821,0.052910,0.000000,0.000
55.8093,2.105821,0.052910,0.000000,0.000
55.9091,2.125639,0.062820,0.000000,0.000
55.9094,2.125639,0.062820,0.000000,0.000
55.9097,2.125639,0.062820,0.000000,0.000
55.9098,2.125639,0.062820,0.000000,0.000
56.0087,2.144489,0.072244,0.000000,0.000
56.0090,2.144489,0.072244,0.000000,0.000
56.0092,2.144489,0.072244,0.000000,0.000
56.0096,2.144489,0.072244,0.000000,0.000
56.1089,2.162512,0.081256,0.000000,0.000
56.1095,2.162512,0.081256,0.000000,0.000
56.1098,2.162512,0.081256,0.000000,0.000
56.1101,2.162512,0.081256,0.000000,0.000
56.2089,2.179512,0.089756,0.000000,0.000
56.2092,2.179512,0.089756,0.000000,0.000
56.2093,2.179512,0.089756,0.000000,0.000
56.2095,2.179512,0.089756,0.000000,0.000
56.3090,2.195430,0.097715,0.000000,0.000
56.3093,2.195430,0.097715,0.000000,0.000
56.3098,2.195430,0.097715,0.000000,0.000
56.3101,2.195430,0.097715,0.000000,0.000
56.4085,2.210055,0.105027,0.000000,0.000
56.4088,2.210055,0.105027,0.000000,0.000
56.4091,2.210055,0.105027,0.000000,0.000
56.4093,2.210055,0.105027,0.000000,0.000
56.5090,2.223543,0.111771,0.000000,0.000
56.5093,2.223543,0.111771,0.000000,0.000
56.5096,2.223543,0.111771,0.000000,0.000
56.5101,2.223543,0.111771,0.000000,0.000
56.6087,2.235539,0.117770,0.000000,0.000
56.6092,2.235539,0.117770,0.000000,0.000
56.6094,2.235539,0.117770,0.000000,0.000
56.6098,2.235539,0.117770,0.000000,0.000
56.7097,2.246126,0.123063,0.000000,0.000
56.7101,2.246126,0.123063,0.000000,0.000
56.7102,2.246126,0.123063,0.000000,0.000
56.7105,2.246126,0.123063,0.000000,0.000
56.8088,2.255182,0.127591,0.000000,0.000
56.8092,2.255182,0.127591,0.000000,0.000
56.8095,2.255182,0.127591,0.000000,0.000
56.8097,2.255182,0.127591,0.000000,0.000
56.9086,2.262638,0.131319,0.000000,0.000
56.9090,2.262638,0.131319,0.000000,0.000
56.9092,2.262638,0.131319,0.000000,0.000
56.9096,2.262638,0.131319,0.000000,0.000
57.0088,2.268525,0.134263,0.000000,0.000
57.0091,2.268525,0.134263,0.000000,0.000
57.0092,2.268525,0.134263,0.000000,0.000
57.0094,2.268525,0.134263,0.000000,0.000
57.1083,2.272717,0.136358,0.000000,0.000
57.1085,2.272717,0.136358,0.000000,0.000
57.1087,2.272717,0.136358,0.000000,0.000
57.1089,2.272717,0.136358,0.000000,0.000
57.2086,2.275256,0.137628,0.000000,0.000
57.2088,2.275256,0.137628,0.000000,0.000
57.2090,2.275256,0.137628,0.000000,0.000
57.2091,2.275256,0.137628,0.000000,0.000
57.3089,2.276090,0.138045,0.000000,0.000
57.3093,2.276090,0.138045,0.000000,0.000
57.3094,2.276090,0.138045,0.000000,0.000
57.3096,2.276090,0.138045,0.000000,0.000
57.4089,2.275216,0.137608,0.000000,0.000
57.4092,2.275216,0.137608,0.000000,0.000
57.4095,2.275216,0.137608,0.000000,0.000
57.4097,2.275216,0.137608,0.000000,0.000
57.5087,2.272654,0.136327,0.000000,0.000
57.5091,2.272654,0.136327,0.000000,0.000
57.5094,2.272654,0.136327,0.000000,0.000
57.5097,2.272654,0.136327,0.000000,0.000
57.6088,2.268407,0.134203,0.000000,0.000
57.6093,2.268407,0.134203,0.000000,0.000
57.6097,2.268407,0.134203,0.000000,0.000
57.6099,2.268407,0.134203,0.000000,0.000
57.7087,2.262502,0.131251,0.000000,0.000
57.7090,2.262502,0.131251,0.000000,0.000
57.7091,2.262502,0.131251,0.000000,0.000
57.7093,2.262502,0.131251,0.000000,0.000
57.8084,2.255003,0.127501,0.000000,0.000
57.8086,2.255003,0.127501,0.000000,0.000
57.8088,2.255003,0.127501,0.000000,0.000
57.8089,2.255003,0.127501,0.000000,0.000
57.9088,2.245877,0.122938,0.000000,0.000
57.9091,2.245877,0.122938,0.000000,0.000
57.9093,2.245877,0.122938,0.000000,0.000
57.9098,2.245877,0.122938,0.000000,0.000
58.0087,2.235284,0.117642,0.000000,0.000
58.0091,2.235284,0.117642,0.000000,0.000
58.0093,2.235284,0.117642,0.000000,0.000
58.0095,2.235284,0.117642,0.000000,0.000
58.1085,2.223237,0.111618,0.000000,0.000
58.1088,2.223237,0.111618,0.000000,0.000
58.1089,2.223237,0.111618,0.000000,0.000
58.1091,2.223237,0.111618,0.000000,0.000
58.2086,2.209821,0.104910,0.000000,0.000
58.2090,2.209821,0.104910,0.000000,0.000
58.2094,2.209821,0.104910,0.000000,0.000
58.2098,2.209821,0.104910,0.000000,0.000
58.3083,2.195094,0.097547,0.000000,0.000
58.3087,2.195094,0.097547,0.000000,0.000
58.3088,2.195094,0.097547,0.000000,0.000
58.3090,2.195094,0.097547,0.000000,0.000
58.4089,2.179141,0.089570,0.000000,0.000
58.4093,2.179141,0.089570,0.000000,0.000
58.4102,2.179141,0.089570,0.000000,0.000
58.4104,2.179141,0.089570,0.000000,0.000
58.5085,2.162128,0.081064,0.000000,0.000
58.5088,2.162128,0.081064,0.000000,0.000
58.5089,2.162128,0.081064,0.000000,0.000
58.5091,2.162128,0.081064,0.000000,0.000
58.6083,2.144119,0.072059,0.000000,0.000
58.6085,2.144119,0.072059,0.000000,0.000
58.6087,2.144119,0.072059,0.000000,0.000
58.6088,2.144119,0.072059,0.000000,0.000
58.7087,2.125137,0.062568,0.000000,0.000
58.7090,2.125137,0.062568,0.000000,0.000
58.7092,2.125137,0.062568,0.000000,0.000
58.7093,2.125137,0.062568,0.000000,0.000
58.8083,2.105502,0.052751,0.000000,0.000
58.8086,2.105502,0.052751,0.000000,0.000
58.8088,2.105502,0.052751,0.000000,0.000
58.8089,2.105502,0.052751,0.000000,0.000
58.9084,2.085165,0.042582,0.000000,0.000
58.9087,2.085165,0.042582,0.000000,0.000
58.9089,2.085165,0.042582,0.000000,0.000
58.9090,2.085165,0.042582,0.000000,0.000
59.0083,2.064278,0.032139,0.000000,0.000
59.0086,2.064278,0.032139,0.000000,0.000
59.0088,2.064278,0.032139,0.000000,0.000
59.0090,2.064278,0.032139,0.000000,0.000
59.1095,2.042840,0.021420,0.000000,0.000
59.1101,2.042840,0.021420,0.000000,0.000
59.1105,2.042840,0.021420,0.000000,0.000
59.1108,2.042840,0.021420,0.000000,0.000
59.2091,2.021331,0.010665,0.000000,0.000
59.2093,2.021331,0.010665,0.000000,0.000
59.2096,2.021331,0.010665,0.000000,0.000
59.2099,2.021331,0.010665,0.000000,0.000
59.3091,1.999738,-0.000131,0.000000,0.000
59.3095,1.999738,-0.000131,0.000000,0.000
59.3099,1.999738,-0.000131,0.000000,0.000
59.3103,1.999738,-0.000131,0.000000,0.000
59.4091,1.978072,-0.010964,0.000000,0.000
59.4094,1.978072,-0.010964,0.000000,0.000
59.4096,1.978072,-0.010964,0.000000,0.000
59.4098,1.978072,-0.010964,0.000000,0.000
59.5090,1.956518,-0.021741,0.000000,0.000
59.5094,1.956518,-0.021741,0.000000,0.000
59.5097,1.956518,-0.021741,0.000000,0.000
59.5099,1.956518,-0.021741,0.000000,0.000
59.6085,1.935342,-0.032329,0.000000,0.000
59.6089,1.935342,-0.032329,0.000000,0.000
59.6092,1.935342,-0.032329,0.000000,0.000
59.6094,1.935342,-0.032329,0.000000,0.000
60.2089,1.914493,-0.042754,0.000000,0.000
60.2095,1.914493,-0.042754,0.000000,0.000
60.2101,1.914493,-0.042754,0.000000,0.000
60.2104,1.914493,-0.042754,0.000000,0.000
60.3094,1.894062,-0.052969,0.000000,0.000
60.3098,1.894062,-0.052969,0.000000,0.000
60.3102,1.894062,-0.052969,0.000000,0.000
60.3104,1.894062,-0.052969,0.000000,0.000
60.4094,1.874379,-0.062811,0.000000,0.000
60.4099,1.874379,-0.062811,0.000000,0.000
60.4101,1.874379,-0.062811,0.000000,0.000
60.4105,1.874379,-0.062811,0.000000,0.000
60.5086,1.855600,-0.072200,0.000000,0.000
60.5089,1.855600,-0.072200,0.000000,0.000
60.5091,1.855600,-0.072200,0.000000,0.000
60.5093,1.855600,-0.072200,0.000000,0.000
60.6094,1.837470,-0.081265,0.000000,0.000
60.6099,1.837470,-0.081265,0.000000,0.000
60.6103,1.837470,-0.081265,0.000000,0.000
60.6104,1.837470,-0.081265,0.000000,0.000
60.7090,1.820516,-0.089742,0.000000,0.000
60.7092,1.820516,-0.089742,0.000000,0.000
60.7095,1.820516,-0.089742,0.000000,0.000
60.7097,1.820516,-0.089742,0.000000,0.000
60.8100,1.804562,-0.097719,0.000000,0.000
60.8104,1.804562,-0.097719,0.000000,0.000
60.8105,1.804562,-0.097719,0.000000,0.000
60.8107,1.804562,-0.097719,0.000000,0.000
60.9087,1.789945,-0.105027,0.000000,0.000
60.9090,1.789945,-0.105027,0.000000,0.000
60.9092,1.789945,-0.105027,0.000000,0.000
60.9094,1.789945,-0.105027,0.000000,0.000
61.0094,1.776462,-0.111769,0.000000,0.000
61.0100,1.776462,-0.111769,0.000000,0.000
61.0103,1.776462,-0.111769,0.000000,0.000
61.0106,1.776462,-0.111769,0.000000,0.000
61.1089,1.764479,-0.117761,0.000000,0.000
61.1092,1.764479,-0.117761,0.000000,0.000
61.1093,1.764479,-0.117761,0.000000,0.000
61.1096,1.764479,-0.117761,0.000000,0.000
61.2087,1.753925,-0.123037,0.000000,0.000
61.2089,1.753925,-0.123037,0.000000,0.000
61.2091,1.753925,-0.123037,0.000000,0.000
61.2092,1.753925,-0.123037,0.000000,0.000
61.3093,1.744812,-0.127594,0.000000,0.000
61.3098,1.744812,-0.127594,0.000000,0.000
61.3100,1.744812,-0.127594,0.000000,0.000
61.3101,1.744812,-0.127594,0.000000,0.000
61.4087,1.737378,-0.131311,0.000000,0.000
61.4091,1.737378,-0.131311,0.000000,0.000
61.4093,1.737378,-0.131311,0.000000,0.000
61.4096,1.737378,-0.131311,0.000000,0.000
61.5086,1.731505,-0.134247,0.000000,0.000
61.5090,1.731505,-0.134247,0.000000,0.000
61.5092,1.731505,-0.134247,0.000000,0.000
61.5094,1.731505,-0.134247,0.000000,0.000
61.6086,1.727285,-0.136357,0.000000,0.000
61.6089,1.727285,-0.136357,0.000000,0.000
61.6091,1.727285,-0.136357,0.000000,0.000
61.6092,1.727285,-0.136357,0.000000,0.000
61.7086,1.724750,-0.137625,0.000000,0.000
61.7088,1.724750,-0.137625,0.000000,0.000
61.7090,1.724750,-0.137625,0.000000,0.000
61.7092,1.724750,-0.137625,0.000000,0.000
61.8085,1.723910,-0.138045,0.000000,0.000
61.8088,1.723910,-0.138045,0.000000,0.000
61.8090,1.723910,-0.138045,0.000000,0.000
61.8091,1.723910,-0.138045,0.000000,0.000
61.9092,1.724783,-0.137609,0.000000,0.000
61.9097,1.724783,-0.137609,0.000000,0.000
61.9100,1.724783,-0.137609,0.000000,0.000
61.9102,1.724783,-0.137609,0.000000,0.000
62.0089,1.727346,-0.136327,0.000000,0.000
62.0092,1.727346,-0.136327,0.000000,0.000
62.0094,1.727346,-0.136327,0.000000,0.000
62.0096,1.727346,-0.136327,0.000000,0.000
62.1093,1.731612,-0.134194,0.000000,0.000
62.1097,1.731612,-0.134194,0.000000,0.000
62.1100,1.731612,-0.134194,0.000000,0.000
62.1101,1.731612,-0.134194,0.000000,0.000
62.2086,1.737463,-0.131268,0.000000,0.000
62.2090,1.737463,-0.131268,0.000000,0.000
62.2094,1.737463,-0.131268,0.000000,0.000
62.2097,1.737463,-0.131268,0.000000,0.000
62.3090,1.745019,-0.127490,0.000000,0.000
62.3093,1.745019,-0.127490,0.000000,0.000
62.3096,1.745019,-0.127490,0.000000,0.000
62.3097,1.745019,-0.127490,0.000000,0.000
62.4092,1.754114,-0.122943,0.000000,0.000
62.4097,1.754114,-0.122943,0.000000,0.000
62.4100,1.754114,-0.122943,0.000000,0.000
62.4104,1.754114,-0.122943,0.000000,0.000
62.5095,1.764759,-0.117621,0.000000,0.000
62.5101,1.764759,-0.117621,0.000000,0.000
62.5103,1.764759,-0.117621,0.000000,0.000
62.5106,1.764759,-0.117621,0.000000,0.000
62.6090,1.776783,-0.111609,0.000000,0.000
62.6093,1.776783,-0.111609,0.000000,0.000
62.6096,1.776783,-0.111609,0.000000,0.000
62.6099,1.776783,-0.111609,0.000000,0.000
62.7094,1.790256,-0.104872,0.000000,0.000
62.7099,1.790256,-0.104872,0.000000,0.000
62.7103,1.790256,-0.104872,0.000000,0.000
62.7106,1.790256,-0.104872,0.000000,0.000
62.8090,1.804956,-0.097522,0.000000,0.000
62.8093,1.804956,-0.097522,0.000000,0.000
62.8096,1.804956,-0.097522,0.000000,0.000
62.8098,1.804956,-0.097522,0.000000,0.000
62.9086,1.820815,-0.089592,0.000000,0.000
62.9089,1.820815,-0.089592,0.000000,0.000
62.9091,1.820815,-0.089592,0.000000,0.000
62.9093,1.820815,-0.089592,0.000000,0.000
63.0089,1.837905,-0.081048,0.000000,0.000
63.0092,1.837905,-0.081048,0.000000,0.000
63.0093,1.837905,-0.081048,0.000000,0.000
63.0096,1.837905,-0.081048,0.000000,0.000
63.1093,1.855983,-0.072009,0.000000,0.000
63.1098,1.855983,-0.072009,0.000000,0.000
63.1101,1.855983,-0.072009,0.000000,0.000
63.1103,1.855983,-0.072009,0.000000,0.000
63.2089,1.874838,-0.062581,0.000000,0.000
63.2091,1.874838,-0.062581,0.000000,0.000
63.2093,1.874838,-0.062581,0.000000,0.000
63.2098,1.874838,-0.062581,0.000000,0.000
63.3093,1.894620,-0.052690,0.000000,0.000
63.3115,1.894620,-0.052690,0.000000,0.000
63.3118,1.894620,-0.052690,0.000000,0.000
63.3120,1.894620,-0.052690,0.000000,0.000
63.4089,1.914900,-0.042550,0.000000,0.000
63.4092,1.914900,-0.042550,0.000000,0.000
63.4093,1.914900,-0.042550,0.000000,0.000
63.4096,1.914900,-0.042550,0.000000,0.000
63.5090,1.935775,-0.032112,0.000000,0.000
63.5093,1.935775,-0.032112,0.000000,0.000
63.5096,1.935775,-0.032112,0.000000,0.000
63.5098,1.935775,-0.032112,0.000000,0.000
63.6085,1.956951,-0.021525,0.000000,0.000
63.6088,1.956951,-0.021525,0.000000,0.000
63.6089,1.956951,-0.021525,0.000000,0.000
63.6091,1.956951,-0.021525,0.000000,0.000
63.7088,1.978480,-0.010760,0.000000,0.000
63.7092,1.978480,-0.010760,0.000000,0.000
63.7095,1.978480,-0.010760,0.000000,0.000
63.7098,1.978480,-0.010760,0.000000,0.000
63.8089,2.000216,0.000108,0.000000,0.000
63.8091,2.000216,0.000108,0.000000,0.000
63.8093,2.000216,0.000108,0.000000,0.000
63.8097,2.000216,0.000108,0.000000,0.000
63.9091,2.021910,0.010955,0.000000,0.000
63.9094,2.021910,0.010955,0.000000,0.000
63.9096,2.021910,0.010955,0.000000,0.000
63.9102,2.021910,0.010955,0.000000,0.000
64.0089,2.043421,0.021710,0.000000,0.000
64.0092,2.043421,0.021710,0.000000,0.000
64.0094,2.043421,0.021710,0.000000,0.000
64.0096,2.043421,0.021710,0.000000,0.000
64.1088,2.064609,0.032304,0.000000,0.000
64.1091,2.064609,0.032304,0.000000,0.000
64.1093,2.064609,0.032304,0.000000,0.000
64.1095,2.064609,0.032304,0.000000,0.000
64.2094,2.085623,0.042811,0.000000,0.000
64.2099,2.085623,0.042811,0.000000,0.000
64.2101,2.085623,0.042811,0.000000,0.000
64.2102,2.085623,0.042811,0.000000,0.000
64.3085,2.105794,0.052897,0.000000,0.000
64.3088,2.105794,0.052897,0.000000,0.000
64.3090,2.105794,0.052897,0.000000,0.000
64.3093,2.105794,0.052897,0.000000,0.000
64.4089,2.125528,0.062764,0.000000,0.000
64.4092,2.125528,0.062764,0.000000,0.000
64.4094,2.125528,0.062764,0.000000,0.000
64.4096,2.125528,0.062764,0.000000,0.000
64.5096,2.144534,0.072267,0.000000,0.000
64.5101,2.144534,0.072267,0.000000,0.000
64.5104,2.144534,0.072267,0.000000,0.000
64.5108,2.144534,0.072267,0.000000,0.000
64.6094,2.162515,0.081258,0.000000,0.000
64.6099,2.162515,0.081258,0.000000,0.000
64.6102,2.162515,0.081258,0.000000,0.000
64.6105,2.162515,0.081258,0.000000,0.000
64.7089,2.179472,0.089736,0.000000,0.000
64.7091,2.179472,0.089736,0.000000,0.000
64.7093,2.179472,0.089736,0.000000,0.000
64.7095,2.179472,0.089736,0.000000,0.000
64.8094,2.195448,0.097724,0.000000,0.000
64.8098,2.195448,0.097724,0.000000,0.000
64.8100,2.195448,0.097724,0.000000,0.000
64.8102,2.195448,0.097724,0.000000,0.000
64.9093,2.210117,0.105058,0.000000,0.000
64.9099,2.210117,0.105058,0.000000,0.000
64.9102,2.210117,0.105058,0.000000,0.000
64.9105,2.210117,0.105058,0.000000,0.000
65.0096,2.223555,0.111778,0.000000,0.000
65.0102,2.223555,0.111778,0.000000,0.000
65.0105,2.223555,0.111778,0.000000,0.000
65.0109,2.223555,0.111778,0.000000,0.000
65.1096,2.235580,0.117790,0.000000,0.000
65.1099,2.235580,0.117790,0.000000,0.000
65.1101,2.235580,0.117790,0.000000,0.000
65.1103,2.235580,0.117790,0.000000,0.000
65.7111,2.246073,0.123037,0.000000,0.000
65.7118,2.246073,0.123037,0.000000,0.000
65.7121,2.246073,0.123037,0.000000,0.000
65.7122,2.246073,0.123037,0.000000,0.000
65.8098,2.255124,0.127562,0.000000,0.000
65.8101,2.255124,0.127562,0.000000,0.000
65.8103,2.255124,0.127562,0.000000,0.000
65.8106,2.255124,0.127562,0.000000,0.000
65.9135,2.262625,0.131313,0.000000,0.000
65.9156,2.262625,0.131313,0.000000,0.000
65.9161,2.262625,0.131313,0.000000,0.000
65.9165,2.262625,0.131313,0.000000,0.000
66.0105,2.268503,0.134251,0.000000,0.000
66.0110,2.268503,0.134251,0.000000,0.000
66.0114,2.268503,0.134251,0.000000,0.000
66.0118,2.268503,0.134251,0.000000,0.000
66.1100,2.272714,0.136357,0.000000,0.000
66.1105,2.272714,0.136357,0.000000,0.000
66.1110,2.272714,0.136357,0.000000,0.000
66.1115,2.272714,0.136357,0.000000,0.000
66.2100,2.275251,0.137625,0.000000,0.000
66.2105,2.275251,0.137625,0.000000,0.000
66.2109,2.275251,0.137625,0.000000,0.000
66.2112,2.275251,0.137625,0.000000,0.000
66.3103,2.276090,0.138045,0.000000,0.000
66.3107,2.276090,0.138045,0.000000,0.000
66.3111,2.276090,0.138045,0.000000,0.000
66.3114,2.276090,0.138045,0.000000,0.000
66.4101,2.275226,0.137613,0.000000,0.000
66.4105,2.275226,0.137613,0.000000,0.000
66.4112,2.275226,0.137613,0.000000,0.000
66.4120,2.275226,0.137613,0.000000,0.000
66.5099,2.272666,0.136333,0.000000,0.000
66.5102,2.272666,0.136333,0.000000,0.000
66.5105,2.272666,0.136333,0.000000,0.000
66.5107,2.272666,0.136333,0.000000,0.000
66.6099,2.268422,0.134211,0.000000,0.000
66.6102,2.268422,0.134211,0.000000,0.000
66.6104,2.268422,0.134211,0.000000,0.000
66.6108,2.268422,0.134211,0.000000,0.000
66.7101,2.262527,0.131263,0.000000,0.000
66.7105,2.262527,0.131263,0.000000,0.000
66.7109,2.262527,0.131263,0.000000,0.000
66.7112,2.262527,0.131263,0.000000,0.000
66.8099,2.255020,0.127510,0.000000,0.000
66.8105,2.255020,0.127510,0.000000,0.000
66.8111,2.255020,0.127510,0.000000,0.000
66.8114,2.255020,0.127510,0.000000,0.000
66.9099,2.245928,0.122964,0.000000,0.000
66.9101,2.245928,0.122964,0.000000,0.000
66.9103,2.245928,0.122964,0.000000,0.000
66.9105,2.245928,0.122964,0.000000,0.000
67.0097,2.235335,0.117667,0.000000,0.000
67.0100,2.235335,0.117667,0.000000,0.000
67.0102,2.235335,0.117667,0.000000,0.000
67.0105,2.235335,0.117667,0.000000,0.000
67.1098,2.223277,0.111638,0.000000,0.000
67.1101,2.223277,0.111638,0.000000,0.000
67.1103,2.223277,0.111638,0.000000,0.000
67.1106,2.223277,0.111638,0.000000,0.000
67.2098,2.209844,0.104922,0.000000,0.000
67.2101,2.209844,0.104922,0.000000,0.000
67.2103,2.209844,0.104922,0.000000,0.000
67.2106,2.209844,0.104922,0.000000,0.000
67.3098,2.195134,0.097567,0.000000,0.000
67.3103,2.195134,0.097567,0.000000,0.000
67.3107,2.195134,0.097567,0.000000,0.000
67.3110,2.195134,0.097567,0.000000,0.000
67.4101,2.179192,0.089596,0.000000,0.000
67.4107,2.179192,0.089596,0.000000,0.000
67.4111,2.179192,0.089596,0.000000,0.000
67.4114,2.179192,0.089596,0.000000,0.000
67.5099,2.162156,0.081078,0.000000,0.000
67.5102,2.162156,0.081078,0.000000,0.000
67.5105,2.162156,0.081078,0.000000,0.000
67.5108,2.162156,0.081078,0.000000,0.000
67.6099,2.144124,0.072062,0.000000,0.000
67.6104,2.144124,0.072062,0.000000,0.000
67.6108,2.144124,0.072062,0.000000,0.000
67.6111,2.144124,0.072062,0.000000,0.000
67.7098,2.125214,0.062607,0.000000,0.000
67.7100,2.125214,0.062607,0.000000,0.000
67.7102,2.125214,0.062607,0.000000,0.000
67.7104,2.125214,0.062607,0.000000,0.000
67.8098,2.105510,0.052755,0.000000,0.000
67.8101,2.105510,0.052755,0.000000,0.000
67.8102,2.105510,0.052755,0.000000,0.000
67.8104,2.105510,0.052755,0.000000,0.000
67.9098,2.085175,0.042587,0.000000,0.000
67.9102,2.085175,0.042587,0.000000,0.000
67.9105,2.085175,0.042587,0.000000,0.000
67.9108,2.085175,0.042587,0.000000,0.000
68.0099,2.064302,0.032151,0.000000,0.000
68.0104,2.064302,0.032151,0.000000,0.000
68.0108,2.064302,0.032151,0.000000,0.000
68.0112,2.064302,0.032151,0.000000,0.000
68.1098,2.043043,0.021521,0.000000,0.000
68.1101,2.043043,0.021521,0.000000,0.000
68.1103,2.043043,0.021521,0.000000,0.000
68.1104,2.043043,0.021521,0.000000,0.000
68.2097,2.021506,0.010753,0.000000,0.000
68.2100,2.021506,0.010753,0.000000,0.000
68.2102,2.021506,0.010753,0.000000,0.000
68.2106,2.021506,0.010753,0.000000,0.000
68.3099,1.999848,-0.000076,0.000000,0.000
68.3103,1.999848,-0.000076,0.000000,0.000
68.3106,1.999848,-0.000076,0.000000,0.000
68.3109,1.999848,-0.000076,0.000000,0.000
68.4099,1.978192,-0.010904,0.000000,0.000
68.4101,1.978192,-0.010904,0.000000,0.000
68.4103,1.978192,-0.010904,0.000000,0.000
68.4105,1.978192,-0.010904,0.000000,0.000
68.5100,1.956651,-0.021674,0.000000,0.000
68.5105,1.956651,-0.021674,0.000000,0.000
68.5109,1.956651,-0.021674,0.000000,0.000
68.5112,1.956651,-0.021674,0.000000,0.000
68.6100,1.935402,-0.032299,0.000000,0.000
68.6105,1.935402,-0.032299,0.000000,0.000
68.6109,1.935402,-0.032299,0.000000,0.000
68.6112,1.935402,-0.032299,0.000000,0.000
68.7118,1.914547,-0.042726,0.000000,0.000
68.7121,1.914547,-0.042726,0.000000,0.000
68.7122,1.914547,-0.042726,0.000000,0.000
68.7123,1.914547,-0.042726,0.000000,0.000
68.8099,1.894201,-0.052899,0.000000,0.000
68.8101,1.894201,-0.052899,0.000000,0.000
68.8103,1.894201,-0.052899,0.000000,0.000
68.8108,1.894201,-0.052899,0.000000,0.000
68.9098,1.874518,-0.062741,0.000000,0.000
68.9102,1.874518,-0.062741,0.000000,0.000
68.9104,1.874518,-0.062741,0.000000,0.000
68.9105,1.874518,-0.062741,0.000000,0.000
69.0097,1.855615,-0.072192,0.000000,0.000
69.0100,1.855615,-0.072192,0.000000,0.000
69.0101,1.855615,-0.072192,0.000000,0.000
69.0104,1.855615,-0.072192,0.000000,0.000
69.1099,1.837601,-0.081199,0.000000,0.000
69.1103,1.837601,-0.081199,0.000000,0.000
69.1106,1.837601,-0.081199,0.000000,0.000
69.1110,1.837601,-0.081199,0.000000,0.000
69.2098,1.820584,-0.089708,0.000000,0.000
69.2101,1.820584,-0.089708,0.000000,0.000
69.2103,1.820584,-0.089708,0.000000,0.000
69.2107,1.820584,-0.089708,0.000000,0.000
69.3098,1.804681,-0.097660,0.000000,0.000
69.3101,1.804681,-0.097660,0.000000,0.000
69.3103,1.804681,-0.097660,0.000000,0.000
69.3106,1.804681,-0.097660,0.000000,0.000
69.4098,1.789972,-0.105014,0.000000,0.000
69.4102,1.789972,-0.105014,0.000000,0.000
69.4105,1.789972,-0.105014,0.000000,0.000
69.4110,1.789972,-0.105014,0.000000,0.000
69.5096,1.776566,-0.111717,0.000000,0.000
69.5099,1.776566,-0.111717,0.000000,0.000
69.5101,1.776566,-0.111717,0.000000,0.000
69.5103,1.776566,-0.111717,0.000000,0.000
69.6107,1.764513,-0.117743,0.000000,0.000
69.6112,1.764513,-0.117743,0.000000,0.000
69.6115,1.764513,-0.117743,0.000000,0.000
69.6117,1.764513,-0.117743,0.000000,0.000
69.7097,1.753942,-0.123029,0.000000,0.000
69.7102,1.753942,-0.123029,0.000000,0.000
69.7105,1.753942,-0.123029,0.000000,0.000
69.7106,1.753942,-0.123029,0.000000,0.000
69.8097,1.744877,-0.127562,0.000000,0.000
69.8100,1.744877,-0.127562,0.000000,0.000
69.8103,1.744877,-0.127562,0.000000,0.000
69.8105,1.744877,-0.127562,0.000000,0.000
69.9097,1.737384,-0.131308,0.000000,0.000
69.9099,1.737384,-0.131308,0.000000,0.000
69.9101,1.737384,-0.131308,0.000000,0.000
69.9102,1.737384,-0.131308,0.000000,0.000
70.0098,1.731505,-0.134247,0.000000,0.000
70.0103,1.731505,-0.134247,0.000000,0.000
70.0106,1.731505,-0.134247,0.000000,0.000
70.0109,1.731505,-0.134247,0.000000,0.000
70.1098,1.727289,-0.136355,0.000000,0.000
70.1101,1.727289,-0.136355,0.000000,0.000
70.1103,1.727289,-0.136355,0.000000,0.000
70.1105,1.727289,-0.136355,0.000000,0.000
70.2098,1.724750,-0.137625,0.000000,0.000
70.2103,1.724750,-0.137625,0.000000,0.000
70.2106,1.724750,-0.137625,0.000000,0.000
70.2109,1.724750,-0.137625,0.000000,0.000
70.3099,1.723910,-0.138045,0.000000,0.000
70.3104,1.723910,-0.138045,0.000000,0.000
70.3106,1.723910,-0.138045,0.000000,0.000
70.3108,1.723910,-0.138045,0.000000,0.000
70.4099,1.724773,-0.137613,0.000000,0.000
70.4104,1.724773,-0.137613,0.000000,0.000
70.4107,1.724773,-0.137613,0.000000,0.000
70.4110,1.724773,-0.137613,0.000000,0.000
70.5099,1.727334,-0.136333,0.000000,0.000
70.5104,1.727334,-0.136333,0.000000,0.000
70.5108,1.727334,-0.136333,0.000000,0.000
70.5111,1.727334,-0.136333,0.000000,0.000
70.6098,1.731570,-0.134215,0.000000,0.000
70.6102,1.731570,-0.134215,0.000000,0.000
70.6105,1.731570,-0.134215,0.000000,0.000
70.6108,1.731570,-0.134215,0.000000,0.000
71.2108,1.737475,-0.131262,0.000000,0.000
71.2113,1.737475,-0.131262,0.000000,0.000
71.2117,1.737475,-0.131262,0.000000,0.000
71.2123,1.737475,-0.131262,0.000000,0.000
71.3105,1.744990,-0.127505,0.000000,0.000
71.3132,1.744990,-0.127505,0.000000,0.000
71.3136,1.744990,-0.127505,0.000000,0.000
71.3140,1.744990,-0.127505,0.000000,0.000
71.4108,1.754082,-0.122959,0.000000,0.000
71.4114,1.754082,-0.122959,0.000000,0.000
71.4117,1.754082,-0.122959,0.000000,0.000
71.4120,1.754082,-0.122959,0.000000,0.000
71.5104,1.764682,-0.117659,0.000000,0.000
71.5109,1.764682,-0.117659,0.000000,0.000
71.5113,1.764682,-0.117659,0.000000,0.000
71.5114,1.764682,-0.117659,0.000000,0.000
71.6105,1.776739,-0.111630,0.000000,0.000
71.6113,1.776739,-0.111630,0.000000,0.000
71.6118,1.776739,-0.111630,0.000000,0.000
71.6123,1.776739,-0.111630,0.000000,0.000
71.7113,1.790153,-0.104924,0.000000,0.000
71.7116,1.790153,-0.104924,0.000000,0.000
71.7118,1.790153,-0.104924,0.000000,0.000
71.7119,1.790153,-0.104924,0.000000,0.000
71.8106,1.804905,-0.097548,0.000000,0.000
71.8111,1.804905,-0.097548,0.000000,0.000
71.8116,1.804905,-0.097548,0.000000,0.000
71.8118,1.804905,-0.097548,0.000000,0.000
71.9107,1.820832,-0.089584,0.000000,0.000
71.9112,1.820832,-0.089584,0.000000,0.000
71.9116,1.820832,-0.089584,0.000000,0.000
71.9118,1.820832,-0.089584,0.000000,0.000
72.0111,1.837896,-0.081052,0.000000,0.000
72.0118,1.837896,-0.081052,0.000000,0.000
72.0121,1.837896,-0.081052,0.000000,0.000
72.0123,1.837896,-0.081052,0.000000,0.000
72.1108,1.855896,-0.072052,0.000000,0.000
72.1114,1.855896,-0.072052,0.000000,0.000
72.1118,1.855896,-0.072052,0.000000,0.000
72.1121,1.855896,-0.072052,0.000000,0.000
72.2107,1.874822,-0.062589,0.000000,0.000
72.2120,1.874822,-0.062589,0.000000,0.000
72.2125,1.874822,-0.062589,0.000000,0.000
72.2128,1.874822,-0.062589,0.000000,0.000
72.3105,1.894495,-0.052752,0.000000,0.000
72.3111,1.894495,-0.052752,0.000000,0.000
72.3115,1.894495,-0.052752,0.000000,0.000
72.3117,1.894495,-0.052752,0.000000,0.000
72.4103,1.914827,-0.042586,0.000000,0.000
72.4108,1.914827,-0.042586,0.000000,0.000
72.4112,1.914827,-0.042586,0.000000,0.000
72.4116,1.914827,-0.042586,0.000000,0.000
72.5107,1.935714,-0.032143,0.000000,0.000
72.5114,1.935714,-0.032143,0.000000,0.000
72.5117,1.935714,-0.032143,0.000000,0.000
72.5122,1.935714,-0.032143,0.000000,0.000
72.6105,1.956963,-0.021519,0.000000,0.000
72.6110,1.956963,-0.021519,0.000000,0.000
72.6114,1.956963,-0.021519,0.000000,0.000
72.6116,1.956963,-0.021519,0.000000,0.000
72.7109,1.978507,-0.010746,0.000000,0.000
72.7114,1.978507,-0.010746,0.000000,0.000
72.7118,1.978507,-0.010746,0.000000,0.000
72.7120,1.978507,-0.010746,0.000000,0.000
72.8107,2.000179,0.000090,0.000000,0.000
72.8113,2.000179,0.000090,0.000000,0.000
72.8117,2.000179,0.000090,0.000000,0.000
72.8121,2.000179,0.000090,0.000000,0.000
72.9107,2.021833,0.010916,0.000000,0.000
72.9114,2.021833,0.010916,0.000000,0.000
72.9119,2.021833,0.010916,0.000000,0.000
72.9122,2.021833,0.010916,0.000000,0.000
73.0108,2.043382,0.021691,0.000000,0.000
73.0115,2.043382,0.021691,0.000000,0.000
73.0118,2.043382,0.021691,0.000000,0.000
73.0121,2.043382,0.021691,0.000000,0.000
73.1111,2.064594,0.032297,0.000000,0.000
73.1117,2.064594,0.032297,0.000000,0.000
73.1120,2.064594,0.032297,0.000000,0.000
73.1124,2.064594,0.032297,0.000000,0.000
73.2108,2.085492,0.042746,0.000000,0.000
73.2119,2.085492,0.042746,0.000000,0.000
73.2123,2.085492,0.042746,0.000000,0.000
73.2126,2.085492,0.042746,0.000000,0.000
73.3120,2.105819,0.052910,0.000000,0.000
73.3127,2.105819,0.052910,0.000000,0.000
73.3132,2.105819,0.052910,0.000000,0.000
73.3134,2.105819,0.052910,0.000000,0.000
73.4107,2.125516,0.062758,0.000000,0.000
73.4112,2.125516,0.062758,0.000000,0.000
73.4116,2.125516,0.062758,0.000000,0.000
73.4119,2.125516,0.062758,0.000000,0.000
73.5105,2.144382,0.072191,0.000000,0.000
73.5112,2.144382,0.072191,0.000000,0.000
73.5116,2.144382,0.072191,0.000000,0.000
73.5120,2.144382,0.072191,0.000000,0.000
73.6108,2.162423,0.081212,0.000000,0.000
73.6114,2.162423,0.081212,0.000000,0.000
73.6118,2.162423,0.081212,0.000000,0.000
73.6122,2.162423,0.081212,0.000000,0.000
73.7107,2.179439,0.089720,0.000000,0.000
73.7115,2.179439,0.089720,0.000000,0.000
73.7118,2.179439,0.089720,0.000000,0.000
73.7120,2.179439,0.089720,0.000000,0.000
73.8106,2.195333,0.097667,0.000000,0.000
73.8111,2.195333,0.097667,0.000000,0.000
73.8115,2.195333,0.097667,0.000000,0.000
73.8118,2.195333,0.097667,0.000000,0.000
73.9105,2.210044,0.105022,0.000000,0.000
73.9110,2.210044,0.105022,0.000000,0.000
73.9114,2.210044,0.105022,0.000000,0.000
73.9116,2.210044,0.105022,0.000000,0.000
74.0108,2.223476,0.111738,0.000000,0.000
74.0113,2.223476,0.111738,0.000000,0.000
74.0117,2.223476,0.111738,0.000000,0.000
74.0120,2.223476,0.111738,0.000000,0.000
74.1106,2.235497,0.117749,0.000000,0.000
74.1114,2.235497,0.117749,0.000000,0.000
74.1118,2.235497,0.117749,0.000000,0.000
74.1121,2.235497,0.117749,0.000000,0.000
74.2112,2.246097,0.123049,0.000000,0.000
74.2119,2.246097,0.123049,0.000000,0.000
74.2122,2.246097,0.123049,0.000000,0.000
74.2126,2.246097,0.123049,0.000000,0.000
74.3107,2.255151,0.127575,0.000000,0.000
74.3111,2.255151,0.127575,0.000000,0.000
74.3115,2.255151,0.127575,0.000000,0.000
74.3118,2.255151,0.127575,0.000000,0.000
74.4108,2.262633,0.131316,0.000000,0.000
74.4114,2.262633,0.131316,0.000000,0.000
74.4117,2.262633,0.131316,0.000000,0.000
74.4120,2.262633,0.131316,0.000000,0.000
74.5103,2.268493,0.134247,0.000000,0.000
74.5109,2.268493,0.134247,0.000000,0.000
74.5113,2.268493,0.134247,0.000000,0.000
74.5117,2.268493,0.134247,0.000000,0.000
74.6104,2.272714,0.136357,0.000000,0.000
74.6109,2.272714,0.136357,0.000000,0.000
74.6112,2.272714,0.136357,0.000000,0.000
74.6114,2.272714,0.136357,0.000000,0.000
74.7118,2.275252,0.137626,0.000000,0.000
74.7123,2.275252,0.137626,0.000000,0.000
74.7126,2.275252,0.137626,0.000000,0.000
74.7129,2.275252,0.137626,0.000000,0.000
74.8108,2.276090,0.138045,0.000000,0.000
74.8114,2.276090,0.138045,0.000000,0.000
74.8117,2.276090,0.138045,0.000000,0.000
74.8120,2.276090,0.138045,0.000000,0.000
74.9105,2.275224,0.137612,0.000000,0.000
74.9110,2.275224,0.137612,0.000000,0.000
74.9114,2.275224,0.137612,0.000000,0.000
74.9117,2.275224,0.137612,0.000000,0.000
75.0105,2.272659,0.136329,0.000000,0.000
75.0110,2.272659,0.136329,0.000000,0.000
75.0113,2.272659,0.136329,0.000000,0.000
75.0114,2.272659,0.136329,0.000000,0.000
75.1106,2.268420,0.134210,0.000000,0.000
75.1111,2.268420,0.134210,0.000000,0.000
75.1115,2.268420,0.134210,0.000000,0.000
75.1120,2.268420,0.134210,0.000000,0.000
75.2107,2.262520,0.131260,0.000000,0.000
75.2113,2.262520,0.131260,0.000000,0.000
75.2116,2.262520,0.131260,0.000000,0.000
75.2119,2.262520,0.131260,0.000000,0.000
75.3111,2.254992,0.127496,0.000000,0.000
75.3116,2.254992,0.127496,0.000000,0.000
75.3119,2.254992,0.127496,0.000000,0.000
75.3122,2.254992,0.127496,0.000000,0.000
75.4103,2.245925,0.122962,0.000000,0.000
75.4108,2.245925,0.122962,0.000000,0.000
75.4112,2.245925,0.122962,0.000000,0.000
75.4114,2.245925,0.122962,0.000000,0.000
75.5109,2.235310,0.117655,0.000000,0.000
75.5115,2.235310,0.117655,0.000000,0.000
75.5119,2.235310,0.117655,0.000000,0.000
75.5121,2.235310,0.117655,0.000000,0.000
75.6106,2.223263,0.111631,0.000000,0.000
75.6113,2.223263,0.111631,0.000000,0.000
75.6116,2.223263,0.111631,0.000000,0.000
75.6117,2.223263,0.111631,0.000000,0.000
75.7106,2.209831,0.104916,0.000000,0.000
75.7113,2.209831,0.104916,0.000000,0.000
75.7116,2.209831,0.104916,0.000000,0.000
75.7120,2.209831,0.104916,0.000000,0.000
75.8106,2.195108,0.097554,0.000000,0.000
75.8111,2.195108,0.097554,0.000000,0.000
75.8115,2.195108,0.097554,0.000000,0.000
75.8117,2.195108,0.097554,0.000000,0.000
75.9107,2.179168,0.089584,0.000000,0.000
75.9114,2.179168,0.089584,0.000000,0.000
75.9118,2.179168,0.089584,0.000000,0.000
75.9123,2.179168,0.089584,0.000000,0.000
76.0107,2.162136,0.081068,0.000000,0.000
76.0112,2.162136,0.081068,0.000000,0.000
76.0115,2.162136,0.081068,0.000000,0.000
76.0118,2.162136,0.081068,0.000000,0.000
76.1107,2.144119,0.072059,0.000000,0.000
76.1114,2.144119,0.072059,0.000000,0.000
76.1117,2.144119,0.072059,0.000000,0.000
76.1121,2.144119,0.072059,0.000000,0.000
76.1870,2.144925,0.304153,2.879900,0.000
76.7103,2.125193,0.062597,0.000000,0.000
76.7107,2.125193,0.062597,0.000000,0.000
76.7110,2.125193,0.062597,0.000000,0.000
76.7113,2.125193,0.062597,0.000000,0.000
76.8101,2.105522,0.052761,0.000000,0.000
76.8105,2.105522,0.052761,0.000000,0.000
76.8109,2.105522,0.052761,0.000000,0.000
76.8112,2.105522,0.052761,0.000000,0.000
76.9105,2.085149,0.042574,0.000000,0.000
76.9112,2.085149,0.042574,0.000000,0.000
76.9115,2.085149,0.042574,0.000000,0.000
76.9117,2.085149,0.042574,0.000000,0.000
77.0103,2.064300,0.032150,0.000000,0.000
77.0109,2.064300,0.032150,0.000000,0.000
77.0112,2.064300,0.032150,0.000000,0.000
77.0116,2.064300,0.032150,0.000000,0.000
77.1103,2.043026,0.021513,0.000000,0.000
77.1108,2.043026,0.021513,0.000000,0.000
77.1112,2.043026,0.021513,0.000000,0.000
77.1114,2.043026,0.021513,0.000000,0.000
77.2100,2.021510,0.010755,0.000000,0.000
77.2104,2.021510,0.010755,0.000000,0.000
77.2106,2.021510,0.010755,0.000000,0.000
77.2109,2.021510,0.010755,0.000000,0.000
77.3103,1.999836,-0.000082,0.000000,0.000
77.3109,1.999836,-0.000082,0.000000,0.000
77.3114,1.999836,-0.000082,0.000000,0.000
77.3116,1.999836,-0.000082,0.000000,0.000
77.4103,1.978180,-0.010910,0.000000,0.000
77.4109,1.978180,-0.010910,0.000000,0.000
77.4112,1.978180,-0.010910,0.000000,0.000
77.4117,1.978180,-0.010910,0.000000,0.000
77.5106,1.956595,-0.021702,0.000000,0.000
77.5110,1.956595,-0.021702,0.000000,0.000
77.5114,1.956595,-0.021702,0.000000,0.000
77.5117,1.956595,-0.021702,0.000000,0.000
77.6102,1.935380,-0.032310,0.000000,0.000
77.6105,1.935380,-0.032310,0.000000,0.000
77.6107,1.935380,-0.032310,0.000000,0.000
77.6110,1.935380,-0.032310,0.000000,0.000
77.7118,1.914523,-0.042738,0.000000,0.000
77.7123,1.914523,-0.042738,0.000000,0.000
77.7127,1.914523,-0.042738,0.000000,0.000
77.7138,1.914523,-0.042738,0.000000,0.000
77.8104,1.894192,-0.052904,0.000000,0.000
77.8109,1.894192,-0.052904,0.000000,0.000
77.8113,1.894192,-0.052904,0.000000,0.000
77.8116,1.894192,-0.052904,0.000000,0.000
77.9104,1.874511,-0.062745,0.000000,0.000
77.9109,1.874511,-0.062745,0.000000,0.000
77.9112,1.874511,-0.062745,0.000000,0.000
77.9115,1.874511,-0.062745,0.000000,0.000
78.0103,1.855607,-0.072197,0.000000,0.000
78.0109,1.855607,-0.072197,0.000000,0.000
78.0113,1.855607,-0.072197,0.000000,0.000
78.0132,1.855607,-0.072197,0.000000,0.000
78.1100,1.837608,-0.081196,0.000000,0.000
78.1103,1.837608,-0.081196,0.000000,0.000
78.1105,1.837608,-0.081196,0.000000,0.000
78.1106,1.837608,-0.081196,0.000000,0.000
78.2101,1.820591,-0.089704,0.000000,0.000
78.2105,1.820591,-0.089704,0.000000,0.000
78.2107,1.820591,-0.089704,0.000000,0.000
78.2110,1.820591,-0.089704,0.000000,0.000
78.3100,1.804683,-0.097659,0.000000,0.000
78.3105,1.804683,-0.097659,0.000000,0.000
78.3109,1.804683,-0.097659,0.000000,0.000
78.3112,1.804683,-0.097659,0.000000,0.000
78.4104,1.789965,-0.105017,0.000000,0.000
78.4110,1.789965,-0.105017,0.000000,0.000
78.4114,1.789965,-0.105017,0.000000,0.000
78.4120,1.789965,-0.105017,0.000000,0.000
78.5105,1.776537,-0.111732,0.000000,0.000
78.5113,1.776537,-0.111732,0.000000,0.000
78.5118,1.776537,-0.111732,0.000000,0.000
78.5124,1.776537,-0.111732,0.000000,0.000
78.6104,1.764520,-0.117740,0.000000,0.000
78.6109,1.764520,-0.117740,0.000000,0.000
78.6112,1.764520,-0.117740,0.000000,0.000
78.6114,1.764520,-0.117740,0.000000,0.000
78.7102,1.753935,-0.123033,0.000000,0.000
78.7105,1.753935,-0.123033,0.000000,0.000
78.7108,1.753935,-0.123033,0.000000,0.000
78.7109,1.753935,-0.123033,0.000000,0.000
78.8107,1.744844,-0.127578,0.000000,0.000
78.8114,1.744844,-0.127578,0.000000,0.000
78.8117,1.744844,-0.127578,0.000000,0.000
78.8120,1.744844,-0.127578,0.000000,0.000
78.9105,1.737365,-0.131317,0.000000,0.000
78.9110,1.737365,-0.131317,0.000000,0.000
78.9115,1.737365,-0.131317,0.000000,0.000
78.9120,1.737365,-0.131317,0.000000,0.000
79.0105,1.731505,-0.134248,0.000000,0.000
79.0111,1.731505,-0.134248,0.000000,0.000
79.0117,1.731505,-0.134248,0.000000,0.000
79.0122,1.731505,-0.134248,0.000000,0.000
79.1104,1.727283,-0.136359,0.000000,0.000
79.1108,1.727283,-0.136359,0.000000,0.000
79.1110,1.727283,-0.136359,0.000000,0.000
79.1115,1.727283,-0.136359,0.000000,0.000
79.2101,1.724749,-0.137626,0.000000,0.000
79.2105,1.724749,-0.137626,0.000000,0.000
79.2108,1.724749,-0.137626,0.000000,0.000
79.2110,1.724749,-0.137626,0.000000,0.000
79.3103,1.723910,-0.138045,0.000000,0.000
79.3109,1.723910,-0.138045,0.000000,0.000
79.3113,1.723910,-0.138045,0.000000,0.000
79.3118,1.723910,-0.138045,0.000000,0.000
79.4101,1.724773,-0.137613,0.000000,0.000
79.4105,1.724773,-0.137613,0.000000,0.000
79.4109,1.724773,-0.137613,0.000000,0.000
79.4115,1.724773,-0.137613,0.000000,0.000
79.5105,1.727341,-0.136330,0.000000,0.000
79.5108,1.727341,-0.136330,0.000000,0.000
79.5113,1.727341,-0.136330,0.000000,0.000
79.5119,1.727341,-0.136330,0.000000,0.000
79.6102,1.731574,-0.134213,0.000000,0.000
79.6107,1.731574,-0.134213,0.000000,0.000
79.6109,1.731574,-0.134213,0.000000,0.000
79.6112,1.731574,-0.134213,0.000000,0.000
79.7104,1.737482,-0.131259,0.000000,0.000
79.7109,1.737482,-0.131259,0.000000,0.000
79.7111,1.737482,-0.131259,0.000000,0.000
79.7114,1.737482,-0.131259,0.000000,0.000
79.8102,1.744990,-0.127505,0.000000,0.000
79.8106,1.744990,-0.127505,0.000000,0.000
79.8109,1.744990,-0.127505,0.000000,0.000
79.8112,1.744990,-0.127505,0.000000,0.000
79.9108,1.754080,-0.122960,0.000000,0.000
79.9116,1.754080,-0.122960,0.000000,0.000
79.9120,1.754080,-0.122960,0.000000,0.000
79.9124,1.754080,-0.122960,0.000000,0.000
80.0106,1.764691,-0.117655,0.000000,0.000
80.0112,1.764691,-0.117655,0.000000,0.000
80.0118,1.764691,-0.117655,0.000000,0.000
80.0123,1.764691,-0.117655,0.000000,0.000
80.1103,1.776742,-0.111629,0.000000,0.000
80.1107,1.776742,-0.111629,0.000000,0.000
80.1109,1.776742,-0.111629,0.000000,0.000
80.1112,1.776742,-0.111629,0.000000,0.000
80.2103,1.790164,-0.104918,0.000000,0.000
80.2107,1.790164,-0.104918,0.000000,0.000
80.2109,1.790164,-0.104918,0.000000,0.000
80.2119,1.790164,-0.104918,0.000000,0.000
80.3102,1.804887,-0.097556,0.000000,0.000
80.3106,1.804887,-0.097556,0.000000,0.000
80.3109,1.804887,-0.097556,0.000000,0.000
80.3112,1.804887,-0.097556,0.000000,0.000
80.4104,1.820819,-0.089591,0.000000,0.000
80.4108,1.820819,-0.089591,0.000000,0.000
80.4110,1.820819,-0.089591,0.000000,0.000
80.4111,1.820819,-0.089591,0.000000,0.000
80.5101,1.837837,-0.081081,0.000000,0.000
80.5105,1.837837,-0.081081,0.000000,0.000
80.5107,1.837837,-0.081081,0.000000,0.000
80.5108,1.837837,-0.081081,0.000000,0.000
80.6103,1.855889,-0.072055,0.000000,0.000
80.6107,1.855889,-0.072055,0.000000,0.000
80.6108,1.855889,-0.072055,0.000000,0.000
80.6110,1.855889,-0.072055,0.000000,0.000
80.7132,1.874786,-0.062607,0.000000,0.000
80.7138,1.874786,-0.062607,0.000000,0.000
80.7142,1.874786,-0.062607,0.000000,0.000
80.7146,1.874786,-0.062607,0.000000,0.000
80.8103,1.894486,-0.052757,0.000000,0.000
80.8109,1.894486,-0.052757,0.000000,0.000
80.8113,1.894486,-0.052757,0.000000,0.000
80.8117,1.894486,-0.052757,0.000000,0.000
80.9102,1.914835,-0.042582,0.000000,0.000
80.9105,1.914835,-0.042582,0.000000,0.000
80.9107,1.914835,-0.042582,0.000000,0.000
80.9109,1.914835,-0.042582,0.000000,0.000
81.0103,1.935715,-0.032143,0.000000,0.000
81.0109,1.935715,-0.032143,0.000000,0.000
81.0112,1.935715,-0.032143,0.000000,0.000
81.0115,1.935715,-0.032143,0.000000,0.000
81.1103,1.956978,-0.021511,0.000000,0.000
81.1109,1.956978,-0.021511,0.000000,0.000
81.1113,1.956978,-0.021511,0.000000,0.000
81.1116,1.956978,-0.021511,0.000000,0.000
81.2102,1.978491,-0.010754,0.000000,0.000
81.2106,1.978491,-0.010754,0.000000,0.000
81.2109,1.978491,-0.010754,0.000000,0.000
81.2112,1.978491,-0.010754,0.000000,0.000
81.3103,2.000143,0.000072,0.000000,0.000
81.3109,2.000143,0.000072,0.000000,0.000
81.3113,2.000143,0.000072,0.000000,0.000
81.3116,2.000143,0.000072,0.000000,0.000
81.4103,2.021803,0.010901,0.000000,0.000
81.4110,2.021803,0.010901,0.000000,0.000
81.4114,2.021803,0.010901,0.000000,0.000
81.4117,2.021803,0.010901,0.000000,0.000
81.5108,2.043329,0.021664,0.000000,0.000
81.5113,2.043329,0.021664,0.000000,0.000
81.5116,2.043329,0.021664,0.000000,0.000
81.5118,2.043329,0.021664,0.000000,0.000
81.6100,2.064587,0.032293,0.000000,0.000
81.6103,2.064587,0.032293,0.000000,0.000
81.6104,2.064587,0.032293,0.000000,0.000
81.6108,2.064587,0.032293,0.000000,0.000
81.6960,2.604304,1.141288,3.723003,0.000
82.2108,2.085443,0.042721,0.000000,0.000
82.2114,2.085443,0.042721,0.000000,0.000
82.2117,2.085443,0.042721,0.000000,0.000
82.2120,2.085443,0.042721,0.000000,0.000
82.3110,2.105824,0.052912,0.000000,0.000
82.3116,2.105824,0.052912,0.000000,0.000
82.3120,2.105824,0.052912,0.000000,0.000
82.3123,2.105824,0.052912,0.000000,0.000
82.4109,2.125483,0.062741,0.000000,0.000
82.4115,2.125483,0.062741,0.000000,0.000
82.4119,2.125483,0.062741,0.000000,0.000
82.4122,2.125483,0.062741,0.000000,0.000
82.5109,2.144390,0.072195,0.000000,0.000
82.5115,2.144390,0.072195,0.000000,0.000
82.5119,2.144390,0.072195,0.000000,0.000
82.5122,2.144390,0.072195,0.000000,0.000
82.6112,2.162458,0.081229,0.000000,0.000
82.6116,2.162458,0.081229,0.000000,0.000
82.6119,2.162458,0.081229,0.000000,0.000
82.6121,2.162458,0.081229,0.000000,0.000
82.7109,2.179425,0.089713,0.000000,0.000
82.7115,2.179425,0.089713,0.000000,0.000
82.7118,2.179425,0.089713,0.000000,0.000
82.7120,2.179425,0.089713,0.000000,0.000
82.8111,2.195345,0.097673,0.000000,0.000
82.8117,2.195345,0.097673,0.000000,0.000
82.8121,2.195345,0.097673,0.000000,0.000
82.8125,2.195345,0.097673,0.000000,0.000
82.9109,2.210039,0.105020,0.000000,0.000
82.9113,2.210039,0.105020,0.000000,0.000
82.9115,2.210039,0.105020,0.000000,0.000
82.9118,2.210039,0.105020,0.000000,0.000
83.0107,2.223447,0.111724,0.000000,0.000
83.0111,2.223447,0.111724,0.000000,0.000
83.0115,2.223447,0.111724,0.000000,0.000
83.0118,2.223447,0.111724,0.000000,0.000
83.1112,2.235489,0.117744,0.000000,0.000
83.1118,2.235489,0.117744,0.000000,0.000
83.1122,2.235489,0.117744,0.000000,0.000
83.1125,2.235489,0.117744,0.000000,0.000
83.2117,2.246103,0.123052,0.000000,0.000
83.2122,2.246103,0.123052,0.000000,0.000
83.2137,2.246103,0.123052,0.000000,0.000
83.2149,2.246103,0.123052,0.000000,0.000
83.3109,2.255135,0.127568,0.000000,0.000
83.3120,2.255135,0.127568,0.000000,0.000
83.3124,2.255135,0.127568,0.000000,0.000
83.3127,2.255135,0.127568,0.000000,0.000
83.4114,2.262630,0.131315,0.000000,0.000
83.4124,2.262630,0.131315,0.000000,0.000
83.4129,2.262630,0.131315,0.000000,0.000
83.4132,2.262630,0.131315,0.000000,0.000
83.5109,2.268502,0.134251,0.000000,0.000
83.5116,2.268502,0.134251,0.000000,0.000
83.5120,2.268502,0.134251,0.000000,0.000
83.5123,2.268502,0.134251,0.000000,0.000
83.6110,2.272715,0.136358,0.000000,0.000
83.6116,2.272715,0.136358,0.000000,0.000
83.6120,2.272715,0.136358,0.000000,0.000
83.6125,2.272715,0.136358,0.000000,0.000
83.7121,2.275253,0.137627,0.000000,0.000
83.7126,2.275253,0.137627,0.000000,0.000
83.7128,2.275253,0.137627,0.000000,0.000
83.7129,2.275253,0.137627,0.000000,0.000
83.8111,2.276090,0.138045,0.000000,0.000
83.8116,2.276090,0.138045,0.000000,0.000
83.8119,2.276090,0.138045,0.000000,0.000
83.8121,2.276090,0.138045,0.000000,0.000
83.9111,2.275225,0.137613,0.000000,0.000
83.9117,2.275225,0.137613,0.000000,0.000
83.9121,2.275225,0.137613,0.000000,0.000
83.9126,2.275225,0.137613,0.000000,0.000
84.0110,2.272665,0.136332,0.000000,0.000
84.0114,2.272665,0.136332,0.000000,0.000
84.0118,2.272665,0.136332,0.000000,0.000
84.0121,2.272665,0.136332,0.000000,0.000
84.1109,2.268421,0.134210,0.000000,0.000
84.1113,2.268421,0.134210,0.000000,0.000
84.1116,2.268421,0.134210,0.000000,0.000
84.1120,2.268421,0.134210,0.000000,0.000
84.2110,2.262529,0.131264,0.000000,0.000
84.2116,2.262529,0.131264,0.000000,0.000
84.2120,2.262529,0.131264,0.000000,0.000
84.2123,2.262529,0.131264,0.000000,0.000
84.3112,2.254998,0.127499,0.000000,0.000
84.3118,2.254998,0.127499,0.000000,0.000
84.3122,2.254998,0.127499,0.000000,0.000
84.3126,2.254998,0.127499,0.000000,0.000
84.4109,2.245924,0.122962,0.000000,0.000
84.4114,2.245924,0.122962,0.000000,0.000
84.4117,2.245924,0.122962,0.000000,0.000
84.4119,2.245924,0.122962,0.000000,0.000
84.5112,2.235320,0.117660,0.000000,0.000
84.5119,2.235320,0.117660,0.000000,0.000
84.5124,2.235320,0.117660,0.000000,0.000
84.5127,2.235320,0.117660,0.000000,0.000
84.6111,2.223261,0.111630,0.000000,0.000
84.6118,2.223261,0.111630,0.000000,0.000
84.6121,2.223261,0.111630,0.000000,0.000
84.6123,2.223261,0.111630,0.000000,0.000
84.7112,2.209811,0.104906,0.000000,0.000
84.7117,2.209811,0.104906,0.000000,0.000
84.7120,2.209811,0.104906,0.000000,0.000
84.7122,2.209811,0.104906,0.000000,0.000
84.8109,2.195102,0.097551,0.000000,0.000
84.8115,2.195102,0.097551,0.000000,0.000
84.8119,2.195102,0.097551,0.000000,0.000
84.8122,2.195102,0.097551,0.000000,0.000
84.9109,2.179171,0.089586,0.000000,0.000
84.9115,2.179171,0.089586,0.000000,0.000
84.9117,2.179171,0.089586,0.000000,0.000
84.9119,2.179171,0.089586,0.000000,0.000
85.0109,2.162140,0.081070,0.000000,0.000
85.0115,2.162140,0.081070,0.000000,0.000
85.0119,2.162140,0.081070,0.000000,0.000
85.0121,2.162140,0.081070,0.000000,0.000
85.1110,2.144105,0.072052,0.000000,0.000
85.1116,2.144105,0.072052,0.000000,0.000
85.1120,2.144105,0.072052,0.000000,0.000
85.1123,2.144105,0.072052,0.000000,0.000
85.2108,2.125211,0.062606,0.000000,0.000
85.2113,2.125211,0.062606,0.000000,0.000
85.2117,2.125211,0.062606,0.000000,0.000
85.2120,2.125211,0.062606,0.000000,0.000
85.3108,2.105494,0.052747,0.000000,0.000
85.3113,2.105494,0.052747,0.000000,0.000
85.3116,2.105494,0.052747,0.000000,0.000
85.3119,2.105494,0.052747,0.000000,0.000
85.4108,2.085180,0.042590,0.000000,0.000
85.4114,2.085180,0.042590,0.000000,0.000
85.4117,2.085180,0.042590,0.000000,0.000
85.4120,2.085180,0.042590,0.000000,0.000
85.5109,2.064286,0.032143,0.000000,0.000
85.5115,2.064286,0.032143,0.000000,0.000
85.5118,2.064286,0.032143,0.000000,0.000
85.5121,2.064286,0.032143,0.000000,0.000
85.6108,2.043030,0.021515,0.000000,0.000
85.6112,2.043030,0.021515,0.000000,0.000
85.6115,2.043030,0.021515,0.000000,0.000
85.6124,2.043030,0.021515,0.000000,0.000
85.7108,2.021516,0.010758,0.000000,0.000
85.7112,2.021516,0.010758,0.000000,0.000
85.7121,2.021516,0.010758,0.000000,0.000
85.7124,2.021516,0.010758,0.000000,0.000
85.8109,1.999849,-0.000075,0.000000,0.000
85.8115,1.999849,-0.000075,0.000000,0.000
85.8119,1.999849,-0.000075,0.000000,0.000
85.8122,1.999849,-0.000075,0.000000,0.000
85.9126,1.978186,-0.010907,0.000000,0.000
85.9131,1.978186,-0.010907,0.000000,0.000
85.9133,1.978186,-0.010907,0.000000,0.000
85.9135,1.978186,-0.010907,0.000000,0.000
86.0122,1.956674,-0.021663,0.000000,0.000
86.0126,1.956674,-0.021663,0.000000,0.000
86.0128,1.956674,-0.021663,0.000000,0.000
86.0129,1.956674,-0.021663,0.000000,0.000
86.1107,1.935418,-0.032291,0.000000,0.000
86.1112,1.935418,-0.032291,0.000000,0.000
86.1115,1.935418,-0.032291,0.000000,0.000
86.1118,1.935418,-0.032291,0.000000,0.000
86.2112,1.914498,-0.042751,0.000000,0.000
86.2128,1.914498,-0.042751,0.000000,0.000
86.2131,1.914498,-0.042751,0.000000,0.000
86.2134,1.914498,-0.042751,0.000000,0.000
86.3108,1.894225,-0.052887,0.000000,0.000
86.3114,1.894225,-0.052887,0.000000,0.000
86.3117,1.894225,-0.052887,0.000000,0.000
86.3121,1.894225,-0.052887,0.000000,0.000
86.4109,1.874510,-0.062745,0.000000,0.000
86.4115,1.874510,-0.062745,0.000000,0.000
86.4117,1.874510,-0.062745,0.000000,0.000
86.4120,1.874510,-0.062745,0.000000,0.000
86.5109,1.855606,-0.072197,0.000000,0.000
86.5115,1.855606,-0.072197,0.000000,0.000
86.5119,1.855606,-0.072197,0.000000,0.000
86.5122,1.855606,-0.072197,0.000000,0.000
86.6111,1.837565,-0.081218,0.000000,0.000
86.6117,1.837565,-0.081218,0.000000,0.000
86.6121,1.837565,-0.081218,0.000000,0.000
86.6124,1.837565,-0.081218,0.000000,0.000
86.7122,1.820580,-0.089710,0.000000,0.000
86.7127,1.820580,-0.089710,0.000000,0.000
86.7131,1.820580,-0.089710,0.000000,0.000
86.7135,1.820580,-0.089710,0.000000,0.000
86.8107,1.804677,-0.097661,0.000000,0.000
86.8112,1.804677,-0.097661,0.000000,0.000
86.8116,1.804677,-0.097661,0.000000,0.000
86.8119,1.804677,-0.097661,0.000000,0.000
86.9112,1.789924,-0.105038,0.000000,0.000
86.9125,1.789924,-0.105038,0.000000,0.000
86.9129,1.789924,-0.105038,0.000000,0.000
86.9131,1.789924,-0.105038,0.000000,0.000
87.0108,1.776546,-0.111727,0.000000,0.000
87.0112,1.776546,-0.111727,0.000000,0.000
87.0115,1.776546,-0.111727,0.000000,0.000
87.0118,1.776546,-0.111727,0.000000,0.000
87.1108,1.764503,-0.117749,0.000000,0.000
87.1118,1.764503,-0.117749,0.000000,0.000
87.1121,1.764503,-0.117749,0.000000,0.000
87.1124,1.764503,-0.117749,0.000000,0.000
87.2109,2.269970,0.134985,0.000000,0.000
87.2115,2.269970,0.134985,0.000000,0.000
87.2119,2.269970,0.134985,0.000000,0.000
87.2122,2.269970,0.134985,0.000000,0.000
87.2166,2.486144,0.915749,2.782119,0.000
110.6154,2.268404,0.134202,0.000000,0.000
110.6160,2.268404,0.134202,0.000000,0.000
110.6164,2.268404,0.134202,0.000000,0.000
110.6166,2.268404,0.134202,0.000000,0.000
110.7154,2.262496,0.131248,0.000000,0.000
110.7158,2.262496,0.131248,0.000000,0.000
110.7161,2.262496,0.131248,0.000000,0.000
110.7164,2.262496,0.131248,0.000000,0.000
110.8154,2.254973,0.127486,0.000000,0.000
110.8159,2.254973,0.127486,0.000000,0.000
110.8163,2.254973,0.127486,0.000000,0.000
110.8164,2.254973,0.127486,0.000000,0.000
110.9152,2.245898,0.122949,0.000000,0.000
110.9156,2.245898,0.122949,0.000000,0.000
110.9160,2.245898,0.122949,0.000000,0.000
110.9162,2.245898,0.122949,0.000000,0.000
111.0150,2.235315,0.117657,0.000000,0.000
111.0154,2.235315,0.117657,0.000000,0.000
111.0156,2.235315,0.117657,0.000000,0.000
111.0160,2.235315,0.117657,0.000000,0.000
111.1157,2.223190,0.111595,0.000000,0.000
111.1164,2.223190,0.111595,0.000000,0.000
111.1167,2.223190,0.111595,0.000000,0.000
111.1169,2.223190,0.111595,0.000000,0.000
111.2150,2.209843,0.104921,0.000000,0.000
111.2155,2.209843,0.104921,0.000000,0.000
111.2159,2.209843,0.104921,0.000000,0.000
111.2162,2.209843,0.104921,0.000000,0.000
111.3148,2.195142,0.097571,0.000000,0.000
111.3152,2.195142,0.097571,0.000000,0.000
111.3155,2.195142,0.097571,0.000000,0.000
111.3158,2.195142,0.097571,0.000000,0.000
111.4155,2.179135,0.089568,0.000000,0.000
111.4161,2.179135,0.089568,0.000000,0.000
111.4164,2.179135,0.089568,0.000000,0.000
111.4167,2.179135,0.089568,0.000000,0.000
111.5155,2.162070,0.081035,0.000000,0.000
111.5166,2.162070,0.081035,0.000000,0.000
111.5169,2.162070,0.081035,0.000000,0.000
111.5170,2.162070,0.081035,0.000000,0.000
111.6154,2.144024,0.072012,0.000000,0.000
111.6158,2.144024,0.072012,0.000000,0.000
111.6161,2.144024,0.072012,0.000000,0.000
111.6163,2.144024,0.072012,0.000000,0.000
111.7150,2.125229,0.062615,0.000000,0.000
111.7154,2.125229,0.062615,0.000000,0.000
111.7158,2.125229,0.062615,0.000000,0.000
111.7160,2.125229,0.062615,0.000000,0.000
111.8156,2.105385,0.052693,0.000000,0.000
111.8160,2.105385,0.052693,0.000000,0.000
111.8162,2.105385,0.052693,0.000000,0.000
111.8164,2.105385,0.052693,0.000000,0.000
111.9151,2.085110,0.042555,0.000000,0.000
111.9154,2.085110,0.042555,0.000000,0.000
111.9156,2.085110,0.042555,0.000000,0.000
111.9157,2.085110,0.042555,0.000000,0.000
112.0156,2.064194,0.032097,0.000000,0.000
112.0160,2.064194,0.032097,0.000000,0.000
112.0164,2.064194,0.032097,0.000000,0.000
112.0166,2.064194,0.032097,0.000000,0.000
112.1149,2.043063,0.021532,0.000000,0.000
112.1153,2.043063,0.021532,0.000000,0.000
112.1156,2.043063,0.021532,0.000000,0.000
112.1160,2.043063,0.021532,0.000000,0.000
112.2147,2.021534,0.010767,0.000000,0.000
112.2150,2.021534,0.010767,0.000000,0.000
112.2152,2.021534,0.010767,0.000000,0.000
112.2154,2.021534,0.010767,0.000000,0.000
112.3168,1.999732,-0.000134,0.000000,0.000
112.3172,1.999732,-0.000134,0.000000,0.000
112.3174,1.999732,-0.000134,0.000000,0.000
112.3176,1.999732,-0.000134,0.000000,0.000
112.4155,1.978087,-0.010957,0.000000,0.000
112.4161,1.978087,-0.010957,0.000000,0.000
112.4165,1.978087,-0.010957,0.000000,0.000
112.4168,1.978087,-0.010957,0.000000,0.000
112.5155,1.956556,-0.021722,0.000000,0.000
112.5160,1.956556,-0.021722,0.000000,0.000
112.5163,1.956556,-0.021722,0.000000,0.000
112.5166,1.956556,-0.021722,0.000000,0.000
112.6161,1.935197,-0.032401,0.000000,0.000
112.6167,1.935197,-0.032401,0.000000,0.000
112.6171,1.935197,-0.032401,0.000000,0.000
112.6174,1.935197,-0.032401,0.000000,0.000
112.7148,1.914552,-0.042724,0.000000,0.000
112.7151,1.914552,-0.042724,0.000000,0.000
112.7153,1.914552,-0.042724,0.000000,0.000
112.7156,1.914552,-0.042724,0.000000,0.000
112.8158,1.894112,-0.052944,0.000000,0.000
112.8162,1.894112,-0.052944,0.000000,0.000
112.8165,1.894112,-0.052944,0.000000,0.000
112.8167,1.894112,-0.052944,0.000000,0.000
112.9157,1.874420,-0.062790,0.000000,0.000
112.9163,1.874420,-0.062790,0.000000,0.000
112.9166,1.874420,-0.062790,0.000000,0.000
112.9168,1.874420,-0.062790,0.000000,0.000
113.0154,1.855531,-0.072234,0.000000,0.000
113.0158,1.855531,-0.072234,0.000000,0.000
113.0160,1.855531,-0.072234,0.000000,0.000
113.0162,1.855531,-0.072234,0.000000,0.000
113.1151,1.837574,-0.081213,0.000000,0.000
113.1157,1.837574,-0.081213,0.000000,0.000
113.1160,1.837574,-0.081213,0.000000,0.000
113.1163,1.837574,-0.081213,0.000000,0.000
113.2149,1.820562,-0.089719,0.000000,0.000
113.2152,1.820562,-0.089719,0.000000,0.000
113.2155,1.820562,-0.089719,0.000000,0.000
113.2160,1.820562,-0.089719,0.000000,0.000
113.3156,1.804600,-0.097700,0.000000,0.000
113.3162,1.804600,-0.097700,0.000000,0.000
113.3165,1.804600,-0.097700,0.000000,0.000
113.3166,1.804600,-0.097700,0.000000,0.000
113.4156,1.789886,-0.105057,0.000000,0.000
113.4161,1.789886,-0.105057,0.000000,0.000
113.4165,1.789886,-0.105057,0.000000,0.000
113.4167,1.789886,-0.105057,0.000000,0.000
113.5156,1.776489,-0.111756,0.000000,0.000
113.5173,1.776489,-0.111756,0.000000,0.000
113.5175,1.776489,-0.111756,0.000000,0.000
113.5178,1.776489,-0.111756,0.000000,0.000
113.6153,1.764476,-0.117762,0.000000,0.000
113.6158,1.764476,-0.117762,0.000000,0.000
113.6164,1.764476,-0.117762,0.000000,0.000
113.6166,1.764476,-0.117762,0.000000,0.000
113.7156,1.753906,-0.123047,0.000000,0.000
113.7161,1.753906,-0.123047,0.000000,0.000
113.7166,1.753906,-0.123047,0.000000,0.000
113.7170,1.753906,-0.123047,0.000000,0.000
113.8150,1.744872,-0.127564,0.000000,0.000
113.8154,1.744872,-0.127564,0.000000,0.000
113.8157,1.744872,-0.127564,0.000000,0.000
113.8161,1.744872,-0.127564,0.000000,0.000
113.9152,1.737377,-0.131311,0.000000,0.000
113.9156,1.737377,-0.131311,0.000000,0.000
113.9158,1.737377,-0.131311,0.000000,0.000
113.9162,1.737377,-0.131311,0.000000,0.000
114.0155,1.731479,-0.134260,0.000000,0.000
114.0169,1.731479,-0.134260,0.000000,0.000
114.0174,1.731479,-0.134260,0.000000,0.000
114.0177,1.731479,-0.134260,0.000000,0.000
114.1157,1.727263,-0.136368,0.000000,0.000
114.1163,1.727263,-0.136368,0.000000,0.000
114.1166,1.727263,-0.136368,0.000000,0.000
114.1169,1.727263,-0.136368,0.000000,0.000
114.2150,1.724750,-0.137625,0.000000,0.000
114.2154,1.724750,-0.137625,0.000000,0.000
114.2158,1.724750,-0.137625,0.000000,0.000
114.2162,1.724750,-0.137625,0.000000,0.000
114.3149,1.723910,-0.138045,0.000000,0.000
114.3155,1.723910,-0.138045,0.000000,0.000
114.3159,1.723910,-0.138045,0.000000,0.000
114.3163,1.723910,-0.138045,0.000000,0.000
114.4150,1.724773,-0.137614,0.000000,0.000
114.4153,1.724773,-0.137614,0.000000,0.000
114.4155,1.724773,-0.137614,0.000000,0.000
114.4157,1.724773,-0.137614,0.000000,0.000
114.5149,1.727330,-0.136335,0.000000,0.000
114.5156,1.727330,-0.136335,0.000000,0.000
114.5159,1.727330,-0.136335,0.000000,0.000
114.5161,1.727330,-0.136335,0.000000,0.000
114.6150,1.731571,-0.134215,0.000000,0.000
114.6154,1.731571,-0.134215,0.000000,0.000
114.6156,1.731571,-0.134215,0.000000,0.000
114.6157,1.731571,-0.134215,0.000000,0.000
114.7151,1.737470,-0.131265,0.000000,0.000
114.7157,1.737470,-0.131265,0.000000,0.000
114.7161,1.737470,-0.131265,0.000000,0.000
114.7164,1.737470,-0.131265,0.000000,0.000
114.7664,2.486144,0.915749,2.782119,0.000
115.3172,1.745044,-0.127478,0.000000,0.000
115.3175,1.745044,-0.127478,0.000000,0.000
115.3177,1.745044,-0.127478,0.000000,0.000
115.3179,1.745044,-0.127478,0.000000,0.000
115.4166,1.754114,-0.122943,0.000000,0.000
115.4169,1.754114,-0.122943,0.000000,0.000
115.4170,1.754114,-0.122943,0.000000,0.000
115.4172,1.754114,-0.122943,0.000000,0.000
115.5167,1.764683,-0.117658,0.000000,0.000
115.5172,1.764683,-0.117658,0.000000,0.000
115.5175,1.764683,-0.117658,0.000000,0.000
115.5176,1.764683,-0.117658,0.000000,0.000
115.6168,1.776804,-0.111598,0.000000,0.000
115.6172,1.776804,-0.111598,0.000000,0.000
115.6174,1.776804,-0.111598,0.000000,0.000
115.6177,1.776804,-0.111598,0.000000,0.000
115.7167,1.790249,-0.104875,0.000000,0.000
115.7170,1.790249,-0.104875,0.000000,0.000
115.7172,1.790249,-0.104875,0.000000,0.000
115.7173,1.790249,-0.104875,0.000000,0.000
115.8163,1.804928,-0.097536,0.000000,0.000
115.8166,1.804928,-0.097536,0.000000,0.000
115.8168,1.804928,-0.097536,0.000000,0.000
115.8169,1.804928,-0.097536,0.000000,0.000
115.9166,1.820919,-0.089540,0.000000,0.000
115.9169,1.820919,-0.089540,0.000000,0.000
115.9171,1.820919,-0.089540,0.000000,0.000
115.9172,1.820919,-0.089540,0.000000,0.000
116.0165,1.837923,-0.081038,0.000000,0.000
116.0168,1.837923,-0.081038,0.000000,0.000
116.0169,1.837923,-0.081038,0.000000,0.000
116.0171,1.837923,-0.081038,0.000000,0.000
116.1163,1.855886,-0.072057,0.000000,0.000
116.1166,1.855886,-0.072057,0.000000,0.000
116.1168,1.855886,-0.072057,0.000000,0.000
116.1169,1.855886,-0.072057,0.000000,0.000
116.2162,1.874786,-0.062607,0.000000,0.000
116.2167,1.874786,-0.062607,0.000000,0.000
116.2170,1.874786,-0.062607,0.000000,0.000
116.2172,1.874786,-0.062607,0.000000,0.000
116.3167,1.894622,-0.052689,0.000000,0.000
116.3170,1.894622,-0.052689,0.000000,0.000
116.3172,1.894622,-0.052689,0.000000,0.000
116.3173,1.894622,-0.052689,0.000000,0.000
116.4164,1.914874,-0.042563,0.000000,0.000
116.4166,1.914874,-0.042563,0.000000,0.000
116.4168,1.914874,-0.042563,0.000000,0.000
116.4170,1.914874,-0.042563,0.000000,0.000
116.5161,1.935676,-0.032162,0.000000,0.000
116.5166,1.935676,-0.032162,0.000000,0.000
116.5168,1.935676,-0.032162,0.000000,0.000
116.5172,1.935676,-0.032162,0.000000,0.000
116.6163,1.956965,-0.021518,0.000000,0.000
116.6166,1.956965,-0.021518,0.000000,0.000
116.6167,1.956965,-0.021518,0.000000,0.000
116.6168,1.956965,-0.021518,0.000000,0.000
116.7164,1.978503,-0.010748,0.000000,0.000
116.7168,1.978503,-0.010748,0.000000,0.000
116.7170,1.978503,-0.010748,0.000000,0.000
116.7173,1.978503,-0.010748,0.000000,0.000
116.8164,2.000219,0.000110,0.000000,0.000
116.8166,2.000219,0.000110,0.000000,0.000
116.8168,2.000219,0.000110,0.000000,0.000
116.8169,2.000219,0.000110,0.000000,0.000
116.9167,2.021942,0.010971,0.000000,0.000
116.9171,2.021942,0.010971,0.000000,0.000
116.9173,2.021942,0.010971,0.000000,0.000
116.9176,2.021942,0.010971,0.000000,0.000
117.0160,2.043321,0.021661,0.000000,0.000
117.0163,2.043321,0.021661,0.000000,0.000
117.0164,2.043321,0.021661,0.000000,0.000
117.0166,2.043321,0.021661,0.000000,0.000
117.1167,2.064736,0.032368,0.000000,0.000
117.1169,2.064736,0.032368,0.000000,0.000
117.1171,2.064736,0.032368,0.000000,0.000
117.1172,2.064736,0.032368,0.000000,0.000
117.2166,2.085566,0.042783,0.000000,0.000
117.2169,2.085566,0.042783,0.000000,0.000
117.2170,2.085566,0.042783,0.000000,0.000
117.2172,2.085566,0.042783,0.000000,0.000
117.3164,2.105823,0.052911,0.000000,0.000
117.3167,2.105823,0.052911,0.000000,0.000
117.3169,2.105823,0.052911,0.000000,0.000
117.3170,2.105823,0.052911,0.000000,0.000
117.4162,2.125463,0.062732,0.000000,0.000
117.4169,2.125463,0.062732,0.000000,0.000
117.4173,2.125463,0.062732,0.000000,0.000
117.4176,2.125463,0.062732,0.000000,0.000
117.5167,2.144507,0.072253,0.000000,0.000
117.5170,2.144507,0.072253,0.000000,0.000
117.5171,2.144507,0.072253,0.000000,0.000
117.5172,2.144507,0.072253,0.000000,0.000
117.6165,2.162463,0.081232,0.000000,0.000
117.6168,2.162463,0.081232,0.000000,0.000
117.6169,2.162463,0.081232,0.000000,0.000
117.6171,2.162463,0.081232,0.000000,0.000
117.7165,2.179505,0.089753,0.000000,0.000
117.7167,2.179505,0.089753,0.000000,0.000
117.7169,2.179505,0.089753,0.000000,0.000
117.7170,2.179505,0.089753,0.000000,0.000
117.8161,2.195333,0.097667,0.000000,0.000
117.8164,2.195333,0.097667,0.000000,0.000
117.8166,2.195333,0.097667,0.000000,0.000
117.8167,2.195333,0.097667,0.000000,0.000
117.9169,2.210124,0.105062,0.000000,0.000
117.9175,2.210124,0.105062,0.000000,0.000
117.9181,2.210124,0.105062,0.000000,0.000
117.9185,2.210124,0.105062,0.000000,0.000
118.0166,2.223506,0.111753,0.000000,0.000
118.0170,2.223506,0.111753,0.000000,0.000
118.0172,2.223506,0.111753,0.000000,0.000
118.0175,2.223506,0.111753,0.000000,0.000
118.1175,2.235537,0.117768,0.000000,0.000
118.1180,2.235537,0.117768,0.000000,0.000
118.1183,2.235537,0.117768,0.000000,0.000
118.1188,2.235537,0.117768,0.000000,0.000
118.2166,2.246124,0.123062,0.000000,0.000
118.2169,2.246124,0.123062,0.000000,0.000
118.2171,2.246124,0.123062,0.000000,0.000
118.2172,2.246124,0.123062,0.000000,0.000
118.3168,2.255178,0.127589,0.000000,0.000
118.3171,2.255178,0.127589,0.000000,0.000
118.3172,2.255178,0.127589,0.000000,0.000
118.3174,2.255178,0.127589,0.000000,0.000
118.4165,2.262653,0.131327,0.000000,0.000
118.4168,2.262653,0.131327,0.000000,0.000
118.4170,2.262653,0.131327,0.000000,0.000
118.4171,2.262653,0.131327,0.000000,0.000
118.5169,2.268517,0.134259,0.000000,0.000
118.5174,2.268517,0.134259,0.000000,0.000
118.5177,2.268517,0.134259,0.000000,0.000
118.5179,2.268517,0.134259,0.000000,0.000
118.6166,2.272722,0.136361,0.000000,0.000
118.6170,2.272722,0.136361,0.000000,0.000
118.6173,2.272722,0.136361,0.000000,0.000
118.6178,2.272722,0.136361,0.000000,0.000
118.7162,2.275252,0.137626,0.000000,0.000
118.7168,2.275252,0.137626,0.000000,0.000
118.7171,2.275252,0.137626,0.000000,0.000
118.7174,2.275252,0.137626,0.000000,0.000
118.8171,2.276090,0.138045,0.000000,0.000
118.8174,2.276090,0.138045,0.000000,0.000
118.8176,2.276090,0.138045,0.000000,0.000
118.8178,2.276090,0.138045,0.000000,0.000
118.9161,2.275228,0.137614,0.000000,0.000
118.9164,2.275228,0.137614,0.000000,0.000
118.9165,2.275228,0.137614,0.000000,0.000
118.9167,2.275228,0.137614,0.000000,0.000
119.0164,2.272660,0.136330,0.000000,0.000
119.0169,2.272660,0.136330,0.000000,0.000
119.0171,2.272660,0.136330,0.000000,0.000
119.0174,2.272660,0.136330,0.000000,0.000
119.1167,2.268395,0.134197,0.000000,0.000
119.1170,2.268395,0.134197,0.000000,0.000
119.1171,2.268395,0.134197,0.000000,0.000
119.1173,2.268395,0.134197,0.000000,0.000
119.2160,2.262535,0.131268,0.000000,0.000
119.2165,2.262535,0.131268,0.000000,0.000
119.2168,2.262535,0.131268,0.000000,0.000
119.2172,2.262535,0.131268,0.000000,0.000
119.3163,2.254999,0.127499,0.000000,0.000
119.3166,2.254999,0.127499,0.000000,0.000
119.3168,2.254999,0.127499,0.000000,0.000
119.3170,2.254999,0.127499,0.000000,0.000
119.4164,2.245931,0.122965,0.000000,0.000
119.4169,2.245931,0.122965,0.000000,0.000
119.4172,2.245931,0.122965,0.000000,0.000
119.4173,2.245931,0.122965,0.000000,0.000
119.5163,2.235324,0.117662,0.000000,0.000
119.5168,2.235324,0.117662,0.000000,0.000
119.5172,2.235324,0.117662,0.000000,0.000
119.5175,2.235324,0.117662,0.000000,0.000
119.6162,2.223281,0.111641,0.000000,0.000
119.6166,2.223281,0.111641,0.000000,0.000
119.6167,2.223281,0.111641,0.000000,0.000
119.6169,2.223281,0.111641,0.000000,0.000
119.7161,2.209855,0.104927,0.000000,0.000
119.7167,2.209855,0.104927,0.000000,0.000
119.7170,2.209855,0.104927,0.000000,0.000
119.7172,2.209855,0.104927,0.000000,0.000
119.8163,2.195112,0.097556,0.000000,0.000
119.8168,2.195112,0.097556,0.000000,0.000
119.8172,2.195112,0.097556,0.000000,0.000
119.8174,2.195112,0.097556,0.000000,0.000
119.9169,2.179067,0.089534,0.000000,0.000
119.9172,2.179067,0.089534,0.000000,0.000
119.9173,2.179067,0.089534,0.000000,0.000
119.9176,2.179067,0.089534,0.000000,0.000
120.0169,2.162041,0.081021,0.000000,0.000
120.0172,2.162041,0.081021,0.000000,0.000
120.0174,2.162041,0.081021,0.000000,0.000
120.0176,2.162041,0.081021,0.000000,0.000
120.1169,2.144023,0.072012,0.000000,0.000
120.1174,2.144023,0.072012,0.000000,0.000
120.1178,2.144023,0.072012,0.000000,0.000
120.1180,2.144023,0.072012,0.000000,0.000
120.2167,2.125102,0.062551,0.000000,0.000
120.2172,2.125102,0.062551,0.000000,0.000
120.2175,2.125102,0.062551,0.000000,0.000
120.2178,2.125102,0.062551,0.000000,0.000
120.2779,-2.206643,1.121468,-1.173634,0.000
120.8172,2.105475,0.052737,0.000000,0.000
120.8176,2.105475,0.052737,0.000000,0.000
120.8178,2.105475,0.052737,0.000000,0.000
120.8180,2.105475,0.052737,0.000000,0.000
120.9178,2.084991,0.042496,0.000000,0.000
120.9182,2.084991,0.042496,0.000000,0.000
120.9184,2.084991,0.042496,0.000000,0.000
120.9187,2.084991,0.042496,0.000000,0.000
121.0171,2.064257,0.032129,0.000000,0.000
121.0174,2.064257,0.032129,0.000000,0.000
121.0179,2.064257,0.032129,0.000000,0.000
121.0181,2.064257,0.032129,0.000000,0.000
121.1177,2.042882,0.021441,0.000000,0.000
121.1180,2.042882,0.021441,0.000000,0.000
121.1183,2.042882,0.021441,0.000000,0.000
121.1185,2.042882,0.021441,0.000000,0.000
121.2175,2.021350,0.010675,0.000000,0.000
121.2179,2.021350,0.010675,0.000000,0.000
121.2182,2.021350,0.010675,0.000000,0.000
121.2187,2.021350,0.010675,0.000000,0.000
121.3171,1.999839,-0.000080,0.000000,0.000
121.3176,1.999839,-0.000080,0.000000,0.000
121.3180,1.999839,-0.000080,0.000000,0.000
121.3183,1.999839,-0.000080,0.000000,0.000
121.4175,1.978041,-0.010980,0.000000,0.000
121.4178,1.978041,-0.010980,0.000000,0.000
121.4180,1.978041,-0.010980,0.000000,0.000
121.4182,1.978041,-0.010980,0.000000,0.000
121.5176,1.956508,-0.021746,0.000000,0.000
121.5179,1.956508,-0.021746,0.000000,0.000
121.5181,1.956508,-0.021746,0.000000,0.000
121.5182,1.956508,-0.021746,0.000000,0.000
121.6175,1.935260,-0.032370,0.000000,0.000
121.6178,1.935260,-0.032370,0.000000,0.000
121.6180,1.935260,-0.032370,0.000000,0.000
121.6182,1.935260,-0.032370,0.000000,0.000
121.7173,1.914470,-0.042765,0.000000,0.000
121.7177,1.914470,-0.042765,0.000000,0.000
121.7181,1.914470,-0.042765,0.000000,0.000
121.7184,1.914470,-0.042765,0.000000,0.000
121.8171,1.894141,-0.052929,0.000000,0.000
121.8174,1.894141,-0.052929,0.000000,0.000
121.8177,1.894141,-0.052929,0.000000,0.000
121.8179,1.894141,-0.052929,0.000000,0.000
121.9175,1.874417,-0.062792,0.000000,0.000
121.9179,1.874417,-0.062792,0.000000,0.000
121.9182,1.874417,-0.062792,0.000000,0.000
121.9186,1.874417,-0.062792,0.000000,0.000
122.0175,1.855494,-0.072253,0.000000,0.000
122.0177,1.855494,-0.072253,0.000000,0.000
122.0179,1.855494,-0.072253,0.000000,0.000
122.0181,1.855494,-0.072253,0.000000,0.000
122.1176,1.837471,-0.081264,0.000000,0.000
122.1179,1.837471,-0.081264,0.000000,0.000
122.1184,1.837471,-0.081264,0.000000,0.000
122.1186,1.837471,-0.081264,0.000000,0.000
122.2177,1.820459,-0.089770,0.000000,0.000
122.2181,1.820459,-0.089770,0.000000,0.000
122.2183,1.820459,-0.089770,0.000000,0.000
122.2185,1.820459,-0.089770,0.000000,0.000
122.3176,1.804557,-0.097722,0.000000,0.000
122.3180,1.804557,-0.097722,0.000000,0.000
122.3183,1.804557,-0.097722,0.000000,0.000
122.3185,1.804557,-0.097722,0.000000,0.000
122.4177,1.789868,-0.105066,0.000000,0.000
122.4181,1.789868,-0.105066,0.000000,0.000
122.4183,1.789868,-0.105066,0.000000,0.000
122.4193,1.789868,-0.105066,0.000000,0.000
122.5176,1.776467,-0.111767,0.000000,0.000
122.5181,1.776467,-0.111767,0.000000,0.000
122.5186,1.776467,-0.111767,0.000000,0.000
122.5190,1.776467,-0.111767,0.000000,0.000
122.6172,1.764483,-0.117759,0.000000,0.000
122.6178,1.764483,-0.117759,0.000000,0.000
122.6181,1.764483,-0.117759,0.000000,0.000
122.6184,1.764483,-0.117759,0.000000,0.000
122.7175,1.753881,-0.123059,0.000000,0.000
122.7180,1.753881,-0.123059,0.000000,0.000
122.7184,1.753881,-0.123059,0.000000,0.000
122.7186,1.753881,-0.123059,0.000000,0.000
122.8173,1.744828,-0.127586,0.000000,0.000
122.8175,1.744828,-0.127586,0.000000,0.000
122.8177,1.744828,-0.127586,0.000000,0.000
122.8179,1.744828,-0.127586,0.000000,0.000
122.9174,1.737356,-0.131322,0.000000,0.000
122.9180,1.737356,-0.131322,0.000000,0.000
122.9183,1.737356,-0.131322,0.000000,0.000
122.9187,1.737356,-0.131322,0.000000,0.000
123.0175,1.731470,-0.134265,0.000000,0.000
123.0178,1.731470,-0.134265,0.000000,0.000
123.0180,1.731470,-0.134265,0.000000,0.000
123.0182,1.731470,-0.134265,0.000000,0.000
123.1177,1.727264,-0.136368,0.000000,0.000
123.1183,1.727264,-0.136368,0.000000,0.000
123.1188,1.727264,-0.136368,0.000000,0.000
123.1192,1.727264,-0.136368,0.000000,0.000
123.2175,1.724743,-0.137629,0.000000,0.000
123.2179,1.724743,-0.137629,0.000000,0.000
123.2182,1.724743,-0.137629,0.000000,0.000
123.2186,1.724743,-0.137629,0.000000,0.000
123.3178,1.723910,-0.138045,0.000000,0.000
123.3184,1.723910,-0.138045,0.000000,0.000
123.3188,1.723910,-0.138045,0.000000,0.000
123.3192,1.723910,-0.138045,0.000000,0.000
123.4179,1.724787,-0.137606,0.000000,0.000
123.4184,1.724787,-0.137606,0.000000,0.000
123.4186,1.724787,-0.137606,0.000000,0.000
123.4188,1.724787,-0.137606,0.000000,0.000
123.5173,1.727345,-0.136328,0.000000,0.000
123.5176,1.727345,-0.136328,0.000000,0.000
123.5178,1.727345,-0.136328,0.000000,0.000
123.5181,1.727345,-0.136328,0.000000,0.000
123.6180,1.731612,-0.134194,0.000000,0.000
123.6185,1.731612,-0.134194,0.000000,0.000
123.6188,1.731612,-0.134194,0.000000,0.000
123.6189,1.731612,-0.134194,0.000000,0.000
123.7172,1.737492,-0.131254,0.000000,0.000
123.7175,1.737492,-0.131254,0.000000,0.000
123.7177,1.737492,-0.131254,0.000000,0.000
123.7178,1.737492,-0.131254,0.000000,0.000
123.8180,1.745047,-0.127476,0.000000,0.000
123.8186,1.745047,-0.127476,0.000000,0.000
123.8189,1.745047,-0.127476,0.000000,0.000
123.8191,1.745047,-0.127476,0.000000,0.000
123.9178,1.754147,-0.122927,0.000000,0.000
123.9185,1.754147,-0.122927,0.000000,0.000
123.9189,1.754147,-0.122927,0.000000,0.000
123.9191,1.754147,-0.122927,0.000000,0.000
124.0178,1.764753,-0.117624,0.000000,0.000
124.0182,1.764753,-0.117624,0.000000,0.000
124.0184,1.764753,-0.117624,0.000000,0.000
124.0187,1.764753,-0.117624,0.000000,0.000
124.1169,1.776733,-0.111633,0.000000,0.000
124.1173,1.776733,-0.111633,0.000000,0.000
124.1174,1.776733,-0.111633,0.000000,0.000
124.1176,1.776733,-0.111633,0.000000,0.000
124.2179,1.790262,-0.104869,0.000000,0.000
124.2184,1.790262,-0.104869,0.000000,0.000
124.2189,1.790262,-0.104869,0.000000,0.000
124.2192,1.790262,-0.104869,0.000000,0.000
124.3174,1.804943,-0.097528,0.000000,0.000
124.3178,1.804943,-0.097528,0.000000,0.000
124.3180,1.804943,-0.097528,0.000000,0.000
124.3184,1.804943,-0.097528,0.000000,0.000
124.4173,1.820854,-0.089573,0.000000,0.000
124.4177,1.820854,-0.089573,0.000000,0.000
124.4179,1.820854,-0.089573,0.000000,0.000
124.4181,1.820854,-0.089573,0.000000,0.000
124.5177,1.837966,-0.081017,0.000000,0.000
124.5181,1.837966,-0.081017,0.000000,0.000
124.5184,1.837966,-0.081017,0.000000,0.000
124.5186,1.837966,-0.081017,0.000000,0.000
124.6171,1.855876,-0.072062,0.000000,0.000
124.6174,1.855876,-0.072062,0.000000,0.000
124.6176,1.855876,-0.072062,0.000000,0.000
124.6177,1.855876,-0.072062,0.000000,0.000
124.7185,1.874949,-0.062526,0.000000,0.000
124.7194,1.874949,-0.062526,0.000000,0.000
124.7198,1.874949,-0.062526,0.000000,0.000
124.7200,1.874949,-0.062526,0.000000,0.000
124.8175,1.894586,-0.052707,0.000000,0.000
124.8179,1.894586,-0.052707,0.000000,0.000
124.8185,1.894586,-0.052707,0.000000,0.000
124.8188,1.894586,-0.052707,0.000000,0.000
124.9179,1.914984,-0.042508,0.000000,0.000
124.9182,1.914984,-0.042508,0.000000,0.000
124.9186,1.914984,-0.042508,0.000000,0.000
124.9195,1.914984,-0.042508,0.000000,0.000
125.0177,1.935834,-0.032083,0.000000,0.000
125.0180,1.935834,-0.032083,0.000000,0.000
125.0183,1.935834,-0.032083,0.000000,0.000
125.0186,1.935834,-0.032083,0.000000,0.000
125.1181,1.957020,-0.021490,0.000000,0.000
125.1184,1.957020,-0.021490,0.000000,0.000
125.1187,1.957020,-0.021490,0.000000,0.000
125.1189,1.957020,-0.021490,0.000000,0.000
125.2178,1.978531,-0.010735,0.000000,0.000
125.2182,1.978531,-0.010735,0.000000,0.000
125.2184,1.978531,-0.010735,0.000000,0.000
125.2186,1.978531,-0.010735,0.000000,0.000
125.3175,2.000232,0.000116,0.000000,0.000
125.3184,2.000232,0.000116,0.000000,0.000
125.3190,2.000232,0.000116,0.000000,0.000
125.3196,2.000232,0.000116,0.000000,0.000
125.4176,2.021935,0.010968,0.000000,0.000
125.4183,2.021935,0.010968,0.000000,0.000
125.4186,2.021935,0.010968,0.000000,0.000
125.4188,2.021935,0.010968,0.000000,0.000
125.5174,2.043379,0.021690,0.000000,0.000
125.5188,2.043379,0.021690,0.000000,0.000
125.5194,2.043379,0.021690,0.000000,0.000
125.5201,2.043379,0.021690,0.000000,0.000
125.6175,2.064651,0.032325,0.000000,0.000
125.6182,2.064651,0.032325,0.000000,0.000
125.6185,2.064651,0.032325,0.000000,0.000
125.6187,2.064651,0.032325,0.000000,0.000
125.7178,2.085591,0.042795,0.000000,0.000
125.7184,2.085591,0.042795,0.000000,0.000
125.7188,2.085591,0.042795,0.000000,0.000
125.7191,2.085591,0.042795,0.000000,0.000
125.7919,-1.653529,3.494750,1.490550,0.000
126.3190,2.105905,0.052953,0.000000,0.000
126.3193,2.105905,0.052953,0.000000,0.000
126.3195,2.105905,0.052953,0.000000,0.000
126.3197,2.105905,0.052953,0.000000,0.000
126.4184,2.125466,0.062733,0.000000,0.000
126.4188,2.125466,0.062733,0.000000,0.000
126.4192,2.125466,0.062733,0.000000,0.000
126.4196,2.125466,0.062733,0.000000,0.000
126.5185,2.144384,0.072192,0.000000,0.000
126.5191,2.144384,0.072192,0.000000,0.000
126.5194,2.144384,0.072192,0.000000,0.000
126.5197,2.144384,0.072192,0.000000,0.000
126.6193,2.162510,0.081255,0.000000,0.000
126.6196,2.162510,0.081255,0.000000,0.000
126.6198,2.162510,0.081255,0.000000,0.000
126.6200,2.162510,0.081255,0.000000,0.000
126.7192,2.179501,0.089750,0.000000,0.000
126.7196,2.179501,0.089750,0.000000,0.000
126.7197,2.179501,0.089750,0.000000,0.000
126.7199,2.179501,0.089750,0.000000,0.000
126.8194,2.195415,0.097707,0.000000,0.000
126.8198,2.195415,0.097707,0.000000,0.000
126.8201,2.195415,0.097707,0.000000,0.000
126.8203,2.195415,0.097707,0.000000,0.000
126.9191,2.210094,0.105047,0.000000,0.000
126.9197,2.210094,0.105047,0.000000,0.000
126.9199,2.210094,0.105047,0.000000,0.000
126.9201,2.210094,0.105047,0.000000,0.000
127.0192,2.223495,0.111747,0.000000,0.000
127.0197,2.223495,0.111747,0.000000,0.000
127.0201,2.223495,0.111747,0.000000,0.000
127.0203,2.223495,0.111747,0.000000,0.000
127.1190,2.235523,0.117762,0.000000,0.000
127.1195,2.235523,0.117762,0.000000,0.000
127.1198,2.235523,0.117762,0.000000,0.000
127.1202,2.235523,0.117762,0.000000,0.000
127.2221,2.246126,0.123063,0.000000,0.000
127.2225,2.246126,0.123063,0.000000,0.000
127.2227,2.246126,0.123063,0.000000,0.000
127.2229,2.246126,0.123063,0.000000,0.000
127.3189,2.255163,0.127581,0.000000,0.000
127.3192,2.255163,0.127581,0.000000,0.000
127.3195,2.255163,0.127581,0.000000,0.000
127.3203,2.255163,0.127581,0.000000,0.000
127.4187,2.262631,0.131315,0.000000,0.000
127.4193,2.262631,0.131315,0.000000,0.000
127.4196,2.262631,0.131315,0.000000,0.000
127.4199,2.262631,0.131315,0.000000,0.000
127.5191,2.268522,0.134261,0.000000,0.000
127.5195,2.268522,0.134261,0.000000,0.000
127.5197,2.268522,0.134261,0.000000,0.000
127.5198,2.268522,0.134261,0.000000,0.000
127.6184,2.272712,0.136356,0.000000,0.000
127.6187,2.272712,0.136356,0.000000,0.000
127.6189,2.272712,0.136356,0.000000,0.000
127.6192,2.272712,0.136356,0.000000,0.000
127.7184,2.275251,0.137626,0.000000,0.000
127.7188,2.275251,0.137626,0.000000,0.000
127.7192,2.275251,0.137626,0.000000,0.000
127.7194,2.275251,0.137626,0.000000,0.000
127.8184,2.276090,0.138045,0.000000,0.000
127.8187,2.276090,0.138045,0.000000,0.000
127.8190,2.276090,0.138045,0.000000,0.000
127.8192,2.276090,0.138045,0.000000,0.000
127.9184,2.275226,0.137613,0.000000,0.000
127.9187,2.275226,0.137613,0.000000,0.000
127.9197,2.275226,0.137613,0.000000,0.000
127.9201,2.275226,0.137613,0.000000,0.000
128.0186,2.272666,0.136333,0.000000,0.000
128.0194,2.272666,0.136333,0.000000,0.000
128.0198,2.272666,0.136333,0.000000,0.000
128.0200,2.272666,0.136333,0.000000,0.000
128.1186,2.268425,0.134213,0.000000,0.000
128.1191,2.268425,0.134213,0.000000,0.000
128.1196,2.268425,0.134213,0.000000,0.000
128.1199,2.268425,0.134213,0.000000,0.000
128.2185,2.262525,0.131262,0.000000,0.000
128.2189,2.262525,0.131262,0.000000,0.000
128.2191,2.262525,0.131262,0.000000,0.000
128.2193,2.262525,0.131262,0.000000,0.000
128.3196,2.254930,0.127465,0.000000,0.000
128.3199,2.254930,0.127465,0.000000,0.000
128.3201,2.254930,0.127465,0.000000,0.000
128.3202,2.254930,0.127465,0.000000,0.000
128.4198,2.245810,0.122905,0.000000,0.000
128.4202,2.245810,0.122905,0.000000,0.000
128.4204,2.245810,0.122905,0.000000,0.000
128.4206,2.245810,0.122905,0.000000,0.000
128.5198,2.235267,0.117633,0.000000,0.000
128.5205,2.235267,0.117633,0.000000,0.000
128.5209,2.235267,0.117633,0.000000,0.000
128.5213,2.235267,0.117633,0.000000,0.000
128.6190,2.223232,0.111616,0.000000,0.000
128.6195,2.223232,0.111616,0.000000,0.000
128.6197,2.223232,0.111616,0.000000,0.000
128.6199,2.223232,0.111616,0.000000,0.000
128.7202,2.209725,0.104862,0.000000,0.000
128.7207,2.209725,0.104862,0.000000,0.000
128.7211,2.209725,0.104862,0.000000,0.000
128.7214,2.209725,0.104862,0.000000,0.000
128.8191,2.195053,0.097526,0.000000,0.000
128.8197,2.195053,0.097526,0.000000,0.000
128.8201,2.195053,0.097526,0.000000,0.000
128.8203,2.195053,0.097526,0.000000,0.000
128.9197,2.179035,0.089518,0.000000,0.000
128.9203,2.179035,0.089518,0.000000,0.000
128.9206,2.179035,0.089518,0.000000,0.000
128.9211,2.179035,0.089518,0.000000,0.000
129.0192,2.162048,0.081024,0.000000,0.000
129.0196,2.162048,0.081024,0.000000,0.000
129.0198,2.162048,0.081024,0.000000,0.000
129.0199,2.162048,0.081024,0.000000,0.000
129.1190,2.144073,0.072037,0.000000,0.000
129.1196,2.144073,0.072037,0.000000,0.000
129.1199,2.144073,0.072037,0.000000,0.000
129.1201,2.144073,0.072037,0.000000,0.000
129.2184,2.125209,0.062605,0.000000,0.000
129.2188,2.125209,0.062605,0.000000,0.000
129.2193,2.125209,0.062605,0.000000,0.000
129.2196,2.125209,0.062605,0.000000,0.000
129.3193,2.105373,0.052687,0.000000,0.000
129.3199,2.105373,0.052687,0.000000,0.000
129.3202,2.105373,0.052687,0.000000,0.000
129.3205,2.105373,0.052687,0.000000,0.000
129.4192,2.085052,0.042526,0.000000,0.000
129.4197,2.085052,0.042526,0.000000,0.000
129.4199,2.085052,0.042526,0.000000,0.000
129.4201,2.085052,0.042526,0.000000,0.000
129.5184,2.064299,0.032149,0.000000,0.000
129.5188,2.064299,0.032149,0.000000,0.000
129.5192,2.064299,0.032149,0.000000,0.000
129.5195,2.064299,0.032149,0.000000,0.000
129.6187,2.043003,0.021501,0.000000,0.000
129.6193,2.043003,0.021501,0.000000,0.000
129.6196,2.043003,0.021501,0.000000,0.000
129.6198,2.043003,0.021501,0.000000,0.000
129.7200,2.021287,0.010643,0.000000,0.000
129.7206,2.021287,0.010643,0.000000,0.000
129.7210,2.021287,0.010643,0.000000,0.000
129.7215,2.021287,0.010643,0.000000,0.000
129.8187,1.999842,-0.000079,0.000000,0.000
129.8192,1.999842,-0.000079,0.000000,0.000
129.8197,1.999842,-0.000079,0.000000,0.000
129.8199,1.999842,-0.000079,0.000000,0.000
129.9189,1.978153,-0.010924,0.000000,0.000
129.9197,1.978153,-0.010924,0.000000,0.000
129.9200,1.978153,-0.010924,0.000000,0.000
129.9201,1.978153,-0.010924,0.000000,0.000
130.0193,1.956539,-0.021731,0.000000,0.000
130.0198,1.956539,-0.021731,0.000000,0.000
130.0200,1.956539,-0.021731,0.000000,0.000
130.0203,1.956539,-0.021731,0.000000,0.000
130.1188,1.935393,-0.032304,0.000000,0.000
130.1192,1.935393,-0.032304,0.000000,0.000
130.1195,1.935393,-0.032304,0.000000,0.000
130.1198,1.935393,-0.032304,0.000000,0.000
130.2186,1.914523,-0.042738,0.000000,0.000
130.2189,1.914523,-0.042738,0.000000,0.000
130.2192,1.914523,-0.042738,0.000000,0.000
130.2194,1.914523,-0.042738,0.000000,0.000
130.3203,1.894183,-0.052908,0.000000,0.000
130.3208,1.894183,-0.052908,0.000000,0.000
130.3211,1.894183,-0.052908,0.000000,0.000
130.3214,1.894183,-0.052908,0.000000,0.000
130.4188,1.874526,-0.062737,0.000000,0.000
130.4194,1.874526,-0.062737,0.000000,0.000
130.4206,1.874526,-0.062737,0.000000,0.000
130.4209,1.874526,-0.062737,0.000000,0.000
130.5188,1.855584,-0.072208,0.000000,0.000
130.5193,1.855584,-0.072208,0.000000,0.000
130.5196,1.855584,-0.072208,0.000000,0.000
130.5204,1.855584,-0.072208,0.000000,0.000
130.6189,1.837552,-0.081224,0.000000,0.000
130.6192,1.837552,-0.081224,0.000000,0.000
130.6194,1.837552,-0.081224,0.000000,0.000
130.6196,1.837552,-0.081224,0.000000,0.000
130.7193,1.820443,-0.089779,0.000000,0.000
130.7197,1.820443,-0.089779,0.000000,0.000
130.7199,1.820443,-0.089779,0.000000,0.000
130.7202,1.820443,-0.089779,0.000000,0.000
130.8194,1.804535,-0.097733,0.000000,0.000
130.8200,1.804535,-0.097733,0.000000,0.000
130.8204,1.804535,-0.097733,0.000000,0.000
130.8207,1.804535,-0.097733,0.000000,0.000
130.9193,1.789850,-0.105075,0.000000,0.000
130.9196,1.789850,-0.105075,0.000000,0.000
130.9198,1.789850,-0.105075,0.000000,0.000
130.9199,1.789850,-0.105075,0.000000,0.000
131.0190,1.776486,-0.111757,0.000000,0.000
131.0194,1.776486,-0.111757,0.000000,0.000
131.0196,1.776486,-0.111757,0.000000,0.000
131.0198,1.776486,-0.111757,0.000000,0.000
131.1187,1.764502,-0.117749,0.000000,0.000
131.1192,1.764502,-0.117749,0.000000,0.000
131.1195,1.764502,-0.117749,0.000000,0.000
131.1198,1.764502,-0.117749,0.000000,0.000
131.2193,1.753851,-0.123075,0.000000,0.000
131.2196,1.753851,-0.123075,0.000000,0.000
131.2198,1.753851,-0.123075,0.000000,0.000
131.2199,1.753851,-0.123075,0.000000,0.000
131.8195,1.744875,-0.127563,0.000000,0.000
131.8200,1.744875,-0.127563,0.000000,0.000
131.8203,1.744875,-0.127563,0.000000,0.000
131.8205,1.744875,-0.127563,0.000000,0.000
131.9200,1.737377,-0.131311,0.000000,0.000
131.9206,1.737377,-0.131311,0.000000,0.000
131.9211,1.737377,-0.131311,0.000000,0.000
131.9213,1.737377,-0.131311,0.000000,0.000
132.0198,1.731506,-0.134247,0.000000,0.000
132.0202,1.731506,-0.134247,0.000000,0.000
132.0204,1.731506,-0.134247,0.000000,0.000
132.0206,1.731506,-0.134247,0.000000,0.000
132.1198,1.727286,-0.136357,0.000000,0.000
132.1202,1.727286,-0.136357,0.000000,0.000
132.1204,1.727286,-0.136357,0.000000,0.000
132.1206,1.727286,-0.136357,0.000000,0.000
132.2197,1.724751,-0.137625,0.000000,0.000
132.2204,1.724751,-0.137625,0.000000,0.000
132.2208,1.724751,-0.137625,0.000000,0.000
132.2211,1.724751,-0.137625,0.000000,0.000
132.3198,1.723910,-0.138045,0.000000,0.000
132.3204,1.723910,-0.138045,0.000000,0.000
132.3207,1.723910,-0.138045,0.000000,0.000
132.3210,1.723910,-0.138045,0.000000,0.000
132.4197,1.724772,-0.137614,0.000000,0.000
132.4203,1.724772,-0.137614,0.000000,0.000
132.4206,1.724772,-0.137614,0.000000,0.000
132.4209,1.724772,-0.137614,0.000000,0.000
132.5254,1.727430,-0.136285,0.000000,0.000
132.5258,1.727430,-0.136285,0.000000,0.000
132.5260,1.727430,-0.136285,0.000000,0.000
132.5262,1.727430,-0.136285,0.000000,0.000
132.6200,1.731571,-0.134214,0.000000,0.000
132.6207,1.731571,-0.134214,0.000000,0.000
132.6211,1.731571,-0.134214,0.000000,0.000
132.6215,1.731571,-0.134214,0.000000,0.000
132.7208,1.737470,-0.131265,0.000000,0.000
132.7213,1.737470,-0.131265,0.000000,0.000
132.7217,1.737470,-0.131265,0.000000,0.000
132.7221,1.737470,-0.131265,0.000000,0.000
132.8200,1.744980,-0.127510,0.000000,0.000
132.8210,1.744980,-0.127510,0.000000,0.000
132.8214,1.744980,-0.127510,0.000000,0.000
132.8217,1.744980,-0.127510,0.000000,0.000
132.9200,1.754077,-0.122961,0.000000,0.000
132.9204,1.754077,-0.122961,0.000000,0.000
132.9207,1.754077,-0.122961,0.000000,0.000
132.9209,1.754077,-0.122961,0.000000,0.000
133.0202,1.764684,-0.117658,0.000000,0.000
133.0208,1.764684,-0.117658,0.000000,0.000
133.0211,1.764684,-0.117658,0.000000,0.000
133.0216,1.764684,-0.117658,0.000000,0.000
133.1199,1.776736,-0.111632,0.000000,0.000
133.1204,1.776736,-0.111632,0.000000,0.000
133.1208,1.776736,-0.111632,0.000000,0.000
133.1212,1.776736,-0.111632,0.000000,0.000
133.2198,1.790167,-0.104917,0.000000,0.000
133.2201,1.790167,-0.104917,0.000000,0.000
133.2202,1.790167,-0.104917,0.000000,0.000
133.2204,1.790167,-0.104917,0.000000,0.000
133.3201,1.804891,-0.097554,0.000000,0.000
133.3206,1.804891,-0.097554,0.000000,0.000
133.3208,1.804891,-0.097554,0.000000,0.000
133.3209,1.804891,-0.097554,0.000000,0.000
133.4199,1.820808,-0.089596,0.000000,0.000
133.4205,1.820808,-0.089596,0.000000,0.000
133.4212,1.820808,-0.089596,0.000000,0.000
133.4215,1.820808,-0.089596,0.000000,0.000
133.5196,1.837845,-0.081078,0.000000,0.000
133.5200,1.837845,-0.081078,0.000000,0.000
133.5201,1.837845,-0.081078,0.000000,0.000
133.5203,1.837845,-0.081078,0.000000,0.000
133.6199,1.855872,-0.072064,0.000000,0.000
133.6206,1.855872,-0.072064,0.000000,0.000
133.6210,1.855872,-0.072064,0.000000,0.000
133.6214,1.855872,-0.072064,0.000000,0.000
133.7197,1.874796,-0.062602,0.000000,0.000
133.7201,1.874796,-0.062602,0.000000,0.000
133.7203,1.874796,-0.062602,0.000000,0.000
133.7205,1.874796,-0.062602,0.000000,0.000
133.8198,1.894480,-0.052760,0.000000,0.000
133.8203,1.894480,-0.052760,0.000000,0.000
133.8207,1.894480,-0.052760,0.000000,0.000
133.8211,1.894480,-0.052760,0.000000,0.000
133.9197,1.914821,-0.042589,0.000000,0.000
133.9201,1.914821,-0.042589,0.000000,0.000
133.9202,1.914821,-0.042589,0.000000,0.000
133.9204,1.914821,-0.042589,0.000000,0.000
134.0197,1.935676,-0.032162,0.000000,0.000
134.0203,1.935676,-0.032162,0.000000,0.000
134.0206,1.935676,-0.032162,0.000000,0.000
134.0208,1.935676,-0.032162,0.000000,0.000
134.1199,1.956955,-0.021523,0.000000,0.000
134.1203,1.956955,-0.021523,0.000000,0.000
134.1208,1.956955,-0.021523,0.000000,0.000
134.1211,1.956955,-0.021523,0.000000,0.000
134.2199,1.978494,-0.010753,0.000000,0.000
134.2209,1.978494,-0.010753,0.000000,0.000
134.2212,1.978494,-0.010753,0.000000,0.000
134.2213,1.978494,-0.010753,0.000000,0.000
