t_sec,x,y,z,solve_ms
3.2477,2.000000,0.000000,0.000000,0.000
3.3459,2.000000,0.000000,0.000000,0.000
3.4456,2.000000,0.000000,0.000000,0.000
3.5473,2.000000,0.000000,0.000000,0.000
3.6493,2.000000,0.000000,0.000000,0.000
3.7458,2.000000,0.000000,0.000000,0.000
3.8494,2.000000,0.000000,0.000000,0.000
3.9537,2.000000,0.000000,0.000000,0.000
4.0456,2.000000,0.000000,0.000000,0.000
4.1446,2.000000,0.000000,0.000000,0.000
4.2468,2.000000,0.000000,0.000000,0.000
4.3472,2.000000,0.000000,0.000000,0.000
4.4483,2.012437,-0.009326,0.008149,0.000
4.5508,1.981699,0.016403,0.032222,0.000
4.6465,1.974419,0.044821,0.019778,0.000
4.7467,1.943593,0.047605,0.040373,0.000
4.8460,1.946570,0.088584,0.035388,0.000
4.9466,1.962774,0.103403,0.051360,0.000
5.0478,1.978173,0.065751,0.020284,0.000
5.1472,1.974828,0.018084,0.019603,0.000
5.2460,1.971290,-0.012733,0.016919,0.000
5.3514,1.994790,0.007757,-0.009788,0.000
5.4464,1.969045,0.016267,0.004755,0.000
5.5470,1.968258,-0.011332,-0.001558,0.000
5.6470,1.991280,-0.020658,-0.005169,0.000
5.7474,2.016202,-0.026016,-0.019977,0.000
5.8465,1.958637,0.021449,-0.024937,0.000
5.9484,1.965848,0.015524,-0.022819,0.000
6.0477,1.975250,0.016231,0.000499,0.000
6.1461,1.984031,-0.004642,0.008300,0.000
6.2469,1.977210,-0.019874,-0.019927,0.000
6.3488,2.005170,0.007471,-0.007481,0.000
6.4460,1.974729,-0.004515,-0.015811,0.000
6.5484,1.976616,0.011030,-0.005893,0.000
6.6485,1.980234,-0.002057,-0.004929,0.000
6.7488,2.000157,0.044362,-0.006350,0.000
6.8471,1.983453,0.009692,-0.006374,0.000
6.9509,1.995189,-0.003148,-0.009905,0.000
7.0479,1.975498,-0.008693,0.010626,0.000
7.1480,2.002291,0.020829,0.009302,0.000
7.2507,1.987446,0.015096,0.015969,0.000
7.3479,2.008244,0.012368,0.022368,0.000
7.4467,2.026502,0.037134,0.005217,0.000
7.5470,2.015687,0.028764,-0.002204,0.000
7.6466,2.058684,0.044401,0.018042,0.000
7.7463,1.998936,0.013361,-0.019407,0.000
7.8510,2.027474,0.050285,-0.008688,0.000
7.9486,1.999981,0.021406,-0.025513,0.000
8.0480,1.996982,-0.017446,-0.002655,0.000
8.1464,1.947431,-0.024665,-0.005624,0.000
8.2466,1.968466,-0.043049,-0.023485,0.000
8.3474,1.964078,-0.037689,-0.003004,0.000
8.4458,1.981283,-0.037372,-0.006939,0.000
8.5470,2.000665,-0.027065,-0.001880,0.000
8.6483,2.027097,-0.052159,0.003739,0.000
8.7473,2.038129,-0.024874,0.023636,0.000
8.8466,2.037058,-0.056112,0.013883,0.000
8.9479,2.034141,-0.045553,0.024378,0.000
9.0472,2.103133,-0.000092,0.032609,0.000
9.1466,2.043839,0.010173,0.003880,0.000
9.2470,2.055184,-0.005150,0.019194,0.000
9.3489,2.011561,0.024235,0.014731,0.000
9.4489,2.071708,0.032966,0.012167,0.000
9.5466,2.041079,0.024597,0.006721,0.000
9.6468,2.045634,0.002076,0.023700,0.000
9.7470,2.084899,0.031075,0.020553,0.000
9.8457,2.110317,0.048314,-0.004475,0.000
9.9460,2.056539,0.051110,0.000960,0.000
10.0496,2.103996,0.067393,0.015242,0.000
10.1467,2.078876,0.046031,0.009766,0.000
10.2476,2.085790,0.058636,0.003409,0.000
10.3466,2.112368,0.073151,-0.001058,0.000
10.4509,2.127290,0.072530,0.014531,0.000
10.5461,2.162735,0.075298,0.017236,0.000
10.6476,2.216079,0.095191,0.017300,0.000
10.7520,2.176859,0.087743,0.000427,0.000
10.8489,2.174401,0.073115,-0.013902,0.000
10.9466,2.142979,0.022843,0.009491,0.000
11.0462,2.160151,0.029537,-0.020304,0.000
11.1472,2.123842,0.030404,-0.022209,0.000
11.2588,2.094204,-0.002326,-0.033918,0.000
11.3502,2.095848,0.030837,-0.034043,0.000
11.4471,2.114726,0.026314,-0.032837,0.000
11.5458,2.071485,0.014966,-0.030528,0.000
11.6462,2.103905,0.049822,-0.040935,0.000
11.7458,2.131619,0.039357,-0.020117,0.000
11.8505,2.119115,0.037991,-0.033076,0.000
11.9473,2.068484,0.021228,-0.037952,0.000
12.0471,2.095847,0.031530,-0.005852,0.000
12.1481,2.079528,0.068684,0.012409,0.000
12.2459,2.132124,0.047152,0.020073,0.000
12.3478,2.116280,0.033255,0.005465,0.000
12.4498,2.126768,0.068302,0.020192,0.000
12.5495,2.120355,0.006034,0.031012,0.000
12.6471,2.089694,-0.021875,0.047624,0.000
12.7463,2.104039,-0.020333,0.043352,0.000
12.8495,2.072203,-0.029583,0.023643,0.000
12.9462,2.076076,-0.048212,0.016607,0.000
13.0468,2.112604,-0.042388,0.022887,0.000
13.1490,2.082596,-0.043713,0.035998,0.000
13.2500,2.129574,-0.039140,0.016048,0.000
13.3474,2.108678,-0.064708,0.025342,0.000
13.4480,2.142028,-0.041380,0.026003,0.000
13.5462,2.152831,-0.057378,0.026895,0.000
13.6507,2.127139,-0.054406,0.039200,0.000
13.7466,2.092980,-0.055012,0.011663,0.000
13.8476,2.104393,-0.064413,0.018594,0.000
13.9477,2.085141,-0.085809,0.013350,0.000
14.0460,2.099741,-0.094518,0.035636,0.000
14.1477,2.112787,-0.090298,0.051855,0.000
14.2482,2.105618,-0.113155,0.033969,0.000
14.3474,2.129345,-0.111892,0.024504,0.000
14.4517,2.094663,-0.118053,0.023462,0.000
14.5486,2.073043,-0.146366,0.011888,0.000
14.6540,2.060948,-0.158601,-0.024180,0.000
14.7492,2.058755,-0.147879,0.002573,0.000
14.8473,2.007320,-0.137483,-0.010738,0.000
14.9472,2.052790,-0.152929,-0.028131,0.000
15.0461,2.049227,-0.123860,-0.037752,0.000
15.1465,2.095579,-0.111161,-0.046958,0.000
15.2467,2.066784,-0.116000,-0.052509,0.000
15.3491,2.079202,-0.124260,-0.066450,0.000
15.4457,2.082806,-0.118529,-0.074949,0.000
15.5482,2.025612,-0.104244,-0.070191,0.000
15.6463,2.070668,-0.120900,-0.067213,0.000
15.7467,2.051718,-0.123941,-0.053901,0.000
15.8466,2.074623,-0.138555,-0.060544,0.000
15.9470,2.009138,-0.124097,-0.054824,0.000
16.0481,2.042887,-0.116026,-0.066383,0.000
16.1480,2.002109,-0.115056,-0.045939,0.000
16.2461,2.037404,-0.127742,-0.037971,0.000
16.3480,2.031064,-0.130308,-0.053449,0.000
16.4466,2.073742,-0.117475,-0.029363,0.000
16.5486,2.067815,-0.111125,-0.045251,0.000
16.6466,2.017968,-0.118774,-0.031749,0.000
16.7491,2.006794,-0.102190,-0.048339,0.000
16.8481,1.986998,-0.110501,-0.029310,0.000
16.9470,1.960622,-0.166748,-0.034711,0.000
17.0494,2.056933,-0.136133,-0.022299,0.000
17.1507,2.011498,-0.125938,-0.008776,0.000
17.2470,1.996000,-0.141433,-0.024023,0.000
17.3481,2.028343,-0.133038,-0.031210,0.000
17.4503,1.961724,-0.100359,-0.036103,0.000
17.5479,1.973280,-0.123995,-0.041350,0.000
17.6474,1.957186,-0.119800,-0.063172,0.000
17.7478,1.952083,-0.159136,-0.052687,0.000
17.8471,1.917907,-0.142962,-0.064896,0.000
17.9487,1.914551,-0.118139,-0.073888,0.000
18.0470,1.918233,-0.085713,-0.085380,0.000
18.1480,1.919120,-0.114646,-0.051590,0.000
18.2471,1.932344,-0.077402,-0.068990,0.000
18.3519,1.932049,-0.100989,-0.040927,0.000
18.4495,1.882335,-0.123623,-0.032252,0.000
18.5474,1.888770,-0.128691,-0.035075,0.000
18.6496,1.836299,-0.095866,-0.034240,0.000
18.7483,1.857340,-0.131551,-0.039409,0.000
18.8496,1.877753,-0.120885,-0.045246,0.000
18.9517,1.913660,-0.141000,-0.019474,0.000
19.0509,1.901905,-0.132194,-0.010737,0.000
19.1510,1.915875,-0.098774,-0.029785,0.000
19.2485,1.909344,-0.128028,-0.015097,0.000
19.3453,1.908287,-0.112388,-0.020354,0.000
19.4458,1.937714,-0.112961,-0.027204,0.000
19.5479,1.873917,-0.156467,-0.038570,0.000
19.6484,1.890661,-0.081866,-0.021363,0.000
19.7465,1.923170,-0.103720,-0.012272,0.000
19.8508,1.855064,-0.080678,-0.001944,0.000
19.9462,1.908292,-0.076646,-0.009740,0.000
20.0465,1.929976,-0.112345,-0.030850,0.000
20.1470,1.934914,-0.087094,-0.026391,0.000
20.2470,1.925144,-0.097085,-0.028651,0.000
20.3463,1.942541,-0.104998,-0.046687,0.000
20.4471,1.901481,-0.076139,-0.018273,0.000
20.5467,1.894761,-0.074596,0.000114,0.000
20.6463,1.879164,-0.046748,0.018501,0.000
20.7501,1.916482,-0.045345,0.020679,0.000
20.8468,1.895842,-0.076470,0.018921,0.000
20.9458,1.904008,-0.083471,0.007334,0.000
21.0465,1.845289,-0.099044,0.014606,0.000
21.1535,1.886801,-0.054865,-0.014007,0.000
21.2340,2.000000,0.000000,0.000000,0.000
21.2355,2.000000,0.000000,0.000000,0.000
21.2360,2.000000,0.000000,0.000000,0.000
21.2363,2.000000,0.000000,0.000000,0.000
21.2472,1.850189,-0.026650,-0.011612,0.000
21.3330,2.000000,0.000000,0.000000,0.000
21.3338,2.000000,0.000000,0.000000,0.000
21.3343,2.000000,0.000000,0.000000,0.000
21.3347,2.000000,0.000000,0.000000,0.000
21.3466,1.841241,-0.021409,0.005027,0.000
21.4346,2.000000,0.000000,0.000000,0.000
21.4352,2.000000,0.000000,0.000000,0.000
21.4356,2.000000,0.000000,0.000000,0.000
21.4359,2.000000,0.000000,0.000000,0.000
21.4458,1.804624,-0.076624,0.009022,0.000
21.5343,2.000000,0.000000,0.000000,0.000
21.5350,2.000000,0.000000,0.000000,0.000
21.5358,2.000000,0.000000,0.000000,0.000
21.5362,2.000000,0.000000,0.000000,0.000
21.5461,1.849942,-0.040186,0.008610,0.000
21.6328,2.000000,0.000000,0.000000,0.000
21.6333,2.000000,0.000000,0.000000,0.000
21.6337,2.000000,0.000000,0.000000,0.000
21.6340,2.000000,0.000000,0.000000,0.000
21.6464,1.808067,-0.027218,0.022510,0.000
21.7341,2.000000,0.000000,0.000000,0.000
21.7347,2.000000,0.000000,0.000000,0.000
21.7352,2.000000,0.000000,0.000000,0.000
21.7355,2.000000,0.000000,0.000000,0.000
21.7471,1.819736,0.021233,0.011594,0.000
21.8322,2.000000,0.000000,0.000000,0.000
21.8328,2.000000,0.000000,0.000000,0.000
21.8334,2.000000,0.000000,0.000000,0.000
21.8338,2.000000,0.000000,0.000000,0.000
21.8474,1.811295,-0.017672,-0.002224,0.000
21.9331,2.000000,0.000000,0.000000,0.000
21.9335,2.000000,0.000000,0.000000,0.000
21.9338,2.000000,0.000000,0.000000,0.000
21.9341,2.000000,0.000000,0.000000,0.000
21.9473,1.793523,0.012828,0.005616,0.000
22.0330,2.000000,0.000000,0.000000,0.000
22.0336,2.000000,0.000000,0.000000,0.000
22.0350,2.000000,0.000000,0.000000,0.000
22.0353,2.000000,0.000000,0.000000,0.000
22.0489,1.769339,0.020847,-0.003516,0.000
22.1328,2.000000,0.000000,0.000000,0.000
22.1333,2.000000,0.000000,0.000000,0.000
22.1337,2.000000,0.000000,0.000000,0.000
22.1340,2.000000,0.000000,0.000000,0.000
22.1476,1.771982,-0.014164,0.009574,0.000
22.2326,2.000000,0.000000,0.000000,0.000
22.2331,2.000000,0.000000,0.000000,0.000
22.2335,2.000000,0.000000,0.000000,0.000
22.2338,2.000000,0.000000,0.000000,0.000
22.2497,1.777728,0.033147,0.007461,0.000
22.3330,2.000000,0.000000,0.000000,0.000
22.3337,2.000000,0.000000,0.000000,0.000
22.3341,2.000000,0.000000,0.000000,0.000
22.3345,2.000000,0.000000,0.000000,0.000
22.3463,1.762096,-0.006844,0.010567,0.000
22.4349,2.000000,0.000000,0.000000,0.000
22.4354,2.000000,0.000000,0.000000,0.000
22.4356,2.000000,0.000000,0.000000,0.000
22.4361,2.000000,0.000000,0.000000,0.000
22.4462,1.782164,-0.024092,0.028745,0.000
22.5323,2.000000,0.000000,0.000000,0.000
22.5327,2.000000,0.000000,0.000000,0.000
22.5330,2.000000,0.000000,0.000000,0.000
22.5333,2.000000,0.000000,0.000000,0.000
22.5494,1.758937,-0.022670,0.007977,0.000
22.6359,2.000000,0.000000,0.000000,0.000
22.6372,2.000000,0.000000,0.000000,0.000
22.6379,2.000000,0.000000,0.000000,0.000
22.6383,2.000000,0.000000,0.000000,0.000
22.6464,1.741230,-0.052984,0.016353,0.000
22.7338,2.000000,0.000000,0.000000,0.000
22.7344,2.000000,0.000000,0.000000,0.000
22.7348,2.000000,0.000000,0.000000,0.000
22.7351,2.000000,0.000000,0.000000,0.000
22.7479,1.762932,-0.000534,-0.008679,0.000
22.8355,2.000000,0.000000,0.000000,0.000
22.8360,2.000000,0.000000,0.000000,0.000
22.8364,2.000000,0.000000,0.000000,0.000
22.8367,2.000000,0.000000,0.000000,0.000
22.8557,1.726594,-0.024836,-0.006869,0.000
22.9335,2.000000,0.000000,0.000000,0.000
22.9352,2.000000,0.000000,0.000000,0.000
22.9356,2.000000,0.000000,0.000000,0.000
22.9359,2.000000,0.000000,0.000000,0.000
22.9468,1.764316,-0.041430,-0.007984,0.000
23.0321,2.000000,0.000000,0.000000,0.000
23.0326,2.000000,0.000000,0.000000,0.000
23.0332,2.000000,0.000000,0.000000,0.000
23.0370,2.000000,0.000000,0.000000,0.000
23.0467,1.740132,-0.063453,-0.005049,0.000
23.1332,2.000000,0.000000,0.000000,0.000
23.1347,2.000000,0.000000,0.000000,0.000
23.1352,2.000000,0.000000,0.000000,0.000
23.1355,2.000000,0.000000,0.000000,0.000
23.1481,1.720589,-0.051998,0.002339,0.000
23.2372,2.000000,0.000000,0.000000,0.000
23.2377,2.000000,0.000000,0.000000,0.000
23.2380,2.000000,0.000000,0.000000,0.000
23.2384,2.000000,0.000000,0.000000,0.000
23.2456,1.671157,-0.042044,0.015756,0.000
23.3325,2.000000,0.000000,0.000000,0.000
23.3330,2.000000,0.000000,0.000000,0.000
23.3339,2.000000,0.000000,0.000000,0.000
23.3343,2.000000,0.000000,0.000000,0.000
23.3505,1.687348,-0.043455,0.032219,0.000
23.4320,2.000000,0.000000,0.000000,0.000
23.4325,2.000000,0.000000,0.000000,0.000
23.4329,2.000000,0.000000,0.000000,0.000
23.4334,2.000000,0.000000,0.000000,0.000
23.4471,1.706073,-0.018973,0.006986,0.000
23.5323,2.000000,0.000000,0.000000,0.000
23.5360,2.000000,0.000000,0.000000,0.000
23.5365,2.000000,0.000000,0.000000,0.000
23.5368,2.000000,0.000000,0.000000,0.000
23.5466,1.690431,-0.038508,0.007839,0.000
23.6333,2.000000,0.000000,0.000000,0.000
23.6371,2.000000,0.000000,0.000000,0.000
23.6378,2.000000,0.000000,0.000000,0.000
23.6382,2.000000,0.000000,0.000000,0.000
23.6467,1.705486,-0.003683,-0.003839,0.000
23.7330,2.000000,0.000000,0.000000,0.000
23.7335,2.000000,0.000000,0.000000,0.000
23.7339,2.000000,0.000000,0.000000,0.000
23.7342,2.000000,0.000000,0.000000,0.000
23.7476,1.630985,-0.018580,-0.005699,0.000
23.8335,2.000000,0.000000,0.000000,0.000
23.8339,2.000000,0.000000,0.000000,0.000
23.8342,2.000000,0.000000,0.000000,0.000
23.8345,2.000000,0.000000,0.000000,0.000
23.8471,1.649172,-0.021291,-0.027674,0.000
23.9325,2.000000,0.000000,0.000000,0.000
23.9332,2.000000,0.000000,0.000000,0.000
23.9337,2.000000,0.000000,0.000000,0.000
23.9342,2.000000,0.000000,0.000000,0.000
23.9485,1.614902,-0.034046,-0.026158,0.000
24.0331,2.000000,0.000000,0.000000,0.000
24.0337,2.000000,0.000000,0.000000,0.000
24.0343,2.000000,0.000000,0.000000,0.000
24.0349,2.000000,0.000000,0.000000,0.000
24.0473,1.666192,-0.026177,-0.050539,0.000
24.1343,2.000000,0.000000,0.000000,0.000
24.1347,2.000000,0.000000,0.000000,0.000
24.1350,2.000000,0.000000,0.000000,0.000
24.1352,2.000000,0.000000,0.000000,0.000
24.1481,1.671829,-0.026640,-0.043973,0.000
24.2326,2.000000,0.000000,0.000000,0.000
24.2357,2.000000,0.000000,0.000000,0.000
24.2362,2.000000,0.000000,0.000000,0.000
24.2366,2.000000,0.000000,0.000000,0.000
24.2464,1.662972,-0.005851,-0.038997,0.000
24.3329,2.000000,0.000000,0.000000,0.000
24.3333,2.000000,0.000000,0.000000,0.000
24.3335,2.000000,0.000000,0.000000,0.000
24.3338,2.000000,0.000000,0.000000,0.000
24.3466,1.658668,-0.035391,-0.050824,0.000
24.4328,2.000000,0.000000,0.000000,0.000
24.4336,2.000000,0.000000,0.000000,0.000
24.4383,2.000000,0.000000,0.000000,0.000
24.4391,2.000000,0.000000,0.000000,0.000
24.4497,1.670048,-0.040082,-0.056964,0.000
24.5326,2.000000,0.000000,0.000000,0.000
24.5330,2.000000,0.000000,0.000000,0.000
24.5336,2.000000,0.000000,0.000000,0.000
24.5341,2.000000,0.000000,0.000000,0.000
24.5481,1.662467,-0.065970,-0.037554,0.000
24.6336,2.000000,0.000000,0.000000,0.000
24.6340,2.000000,0.000000,0.000000,0.000
24.6347,2.000000,0.000000,0.000000,0.000
24.6350,2.000000,0.000000,0.000000,0.000
24.6477,1.655542,-0.042943,-0.075893,0.000
24.7335,2.000000,0.000000,0.000000,0.000
24.7341,2.000000,0.000000,0.000000,0.000
24.7346,2.000000,0.000000,0.000000,0.000
24.7350,2.000000,0.000000,0.000000,0.000
24.7464,1.636777,-0.052443,-0.055311,0.000
24.8335,2.000000,0.000000,0.000000,0.000
24.8339,2.000000,0.000000,0.000000,0.000
24.8342,2.000000,0.000000,0.000000,0.000
24.8344,2.000000,0.000000,0.000000,0.000
24.8470,1.627379,-0.031632,-0.017357,0.000
24.9335,2.000000,0.000000,0.000000,0.000
24.9340,2.000000,0.000000,0.000000,0.000
24.9362,2.000000,0.000000,0.000000,0.000
24.9374,2.000000,0.000000,0.000000,0.000
24.9466,1.647697,-0.034618,-0.006981,0.000
25.0335,2.000000,0.000000,0.000000,0.000
25.0349,2.000000,0.000000,0.000000,0.000
25.0358,2.000000,0.000000,0.000000,0.000
25.0362,2.000000,0.000000,0.000000,0.000
25.0465,1.680093,-0.033260,-0.008343,0.000
25.1365,2.000000,0.000000,0.000000,0.000
25.1400,2.000000,0.000000,0.000000,0.000
25.1407,2.000000,0.000000,0.000000,0.000
25.1412,2.000000,0.000000,0.000000,0.000
25.1476,1.677216,-0.043582,0.038128,0.000
25.2348,2.000000,0.000000,0.000000,0.000
25.2363,2.000000,0.000000,0.000000,0.000
25.2370,2.000000,0.000000,0.000000,0.000
25.2375,2.000000,0.000000,0.000000,0.000
25.2462,1.692802,-0.010321,0.012743,0.000
25.3344,2.000000,0.000000,0.000000,0.000
25.3351,2.000000,0.000000,0.000000,0.000
25.3355,2.000000,0.000000,0.000000,0.000
25.3359,2.000000,0.000000,0.000000,0.000
25.3457,1.711919,-0.037234,0.012756,0.000
25.4343,2.000000,0.000000,0.000000,0.000
25.4350,2.000000,0.000000,0.000000,0.000
25.4364,2.000000,0.000000,0.000000,0.000
25.4369,2.000000,0.000000,0.000000,0.000
25.4463,1.725187,-0.049720,0.012303,0.000
25.5342,2.000000,0.000000,0.000000,0.000
25.5347,2.000000,0.000000,0.000000,0.000
25.5350,2.000000,0.000000,0.000000,0.000
25.5353,2.000000,0.000000,0.000000,0.000
25.5461,1.700424,-0.054804,0.007513,0.000
25.6332,2.000000,0.000000,0.000000,0.000
25.6337,2.000000,0.000000,0.000000,0.000
25.6340,2.000000,0.000000,0.000000,0.000
25.6344,2.000000,0.000000,0.000000,0.000
25.6482,1.715371,-0.052123,0.012689,0.000
25.7320,2.000000,0.000000,0.000000,0.000
25.7327,2.000000,0.000000,0.000000,0.000
25.7331,2.000000,0.000000,0.000000,0.000
25.7336,2.000000,0.000000,0.000000,0.000
25.7463,1.737144,-0.066133,0.001237,0.000
25.8343,2.000000,0.000000,0.000000,0.000
25.8350,2.000000,0.000000,0.000000,0.000
25.8353,2.000000,0.000000,0.000000,0.000
25.8357,2.000000,0.000000,0.000000,0.000
25.8549,1.771546,-0.074797,0.017912,0.000
25.9328,2.000000,0.000000,0.000000,0.000
25.9337,2.000000,0.000000,0.000000,0.000
25.9360,2.000000,0.000000,0.000000,0.000
25.9367,2.000000,0.000000,0.000000,0.000
25.9458,1.721873,-0.048272,0.007646,0.000
26.0322,2.000000,0.000000,0.000000,0.000
26.0337,2.000000,0.000000,0.000000,0.000
26.0342,2.000000,0.000000,0.000000,0.000
26.0347,2.000000,0.000000,0.000000,0.000
26.0507,1.784836,-0.054484,-0.021639,0.000
26.1328,2.000000,0.000000,0.000000,0.000
26.1335,2.000000,0.000000,0.000000,0.000
26.1339,2.000000,0.000000,0.000000,0.000
26.1342,2.000000,0.000000,0.000000,0.000
26.1471,1.772924,-0.051128,-0.012100,0.000
26.2322,2.000000,0.000000,0.000000,0.000
26.2326,2.000000,0.000000,0.000000,0.000
26.2329,2.000000,0.000000,0.000000,0.000
26.2333,2.000000,0.000000,0.000000,0.000
26.2471,1.801606,-0.085997,-0.019860,0.000
26.3331,2.000000,0.000000,0.000000,0.000
26.3336,2.000000,0.000000,0.000000,0.000
26.3340,2.000000,0.000000,0.000000,0.000
26.3343,2.000000,0.000000,0.000000,0.000
26.3466,1.823708,-0.087920,-0.045881,0.000
26.4334,2.000000,0.000000,0.000000,0.000
26.4339,2.000000,0.000000,0.000000,0.000
26.4343,2.000000,0.000000,0.000000,0.000
26.4347,2.000000,0.000000,0.000000,0.000
26.4478,1.766013,-0.093943,-0.039225,0.000
26.5323,2.000000,0.000000,0.000000,0.000
26.5331,2.000000,0.000000,0.000000,0.000
26.5334,2.000000,0.000000,0.000000,0.000
26.5339,2.000000,0.000000,0.000000,0.000
26.5464,1.749605,-0.117977,-0.035216,0.000
26.6334,2.000000,0.000000,0.000000,0.000
26.6340,2.000000,0.000000,0.000000,0.000
26.6344,2.000000,0.000000,0.000000,0.000
26.6347,2.000000,0.000000,0.000000,0.000
26.6478,1.744220,-0.121851,-0.032650,0.000
26.7333,2.000000,0.000000,0.000000,0.000
26.7338,2.000000,0.000000,0.000000,0.000
26.7342,2.000000,0.000000,0.000000,0.000
26.7345,2.000000,0.000000,0.000000,0.000
26.7460,1.710656,-0.125278,-0.015497,0.000
26.8331,2.000000,0.000000,0.000000,0.000
26.8339,2.000000,0.000000,0.000000,0.000
26.8343,2.000000,0.000000,0.000000,0.000
26.8347,2.000000,0.000000,0.000000,0.000
26.8483,1.700144,-0.125569,-0.018384,0.000
26.9322,2.000000,0.000000,0.000000,0.000
26.9335,2.000000,0.000000,0.000000,0.000
26.9341,2.000000,0.000000,0.000000,0.000
26.9363,2.000000,0.000000,0.000000,0.000
26.9475,1.740363,-0.142025,-0.039579,0.000
27.0328,2.000000,0.000000,0.000000,0.000
27.0334,2.000000,0.000000,0.000000,0.000
27.0338,2.000000,0.000000,0.000000,0.000
27.0352,2.000000,0.000000,0.000000,0.000
27.0475,1.726877,-0.134626,-0.020616,0.000
27.1339,2.000000,0.000000,0.000000,0.000
27.1348,2.000000,0.000000,0.000000,0.000
27.1352,2.000000,0.000000,0.000000,0.000
27.1356,2.000000,0.000000,0.000000,0.000
27.1475,1.729653,-0.111821,-0.015510,0.000
27.2324,2.000000,0.000000,0.000000,0.000
27.2329,2.000000,0.000000,0.000000,0.000
27.2333,2.000000,0.000000,0.000000,0.000
27.2335,2.000000,0.000000,0.000000,0.000
27.2475,1.718083,-0.112412,-0.011183,0.000
27.3335,2.000000,0.000000,0.000000,0.000
27.3360,2.000000,0.000000,0.000000,0.000
27.3363,2.000000,0.000000,0.000000,0.000
27.3366,2.000000,0.000000,0.000000,0.000
27.3470,1.714777,-0.131835,-0.006285,0.000
27.4361,2.000000,0.000000,0.000000,0.000
27.4368,2.000000,0.000000,0.000000,0.000
27.4372,2.000000,0.000000,0.000000,0.000
27.4376,2.000000,0.000000,0.000000,0.000
27.4460,1.675577,-0.127210,0.000375,0.000
27.5334,2.000000,0.000000,0.000000,0.000
27.5360,2.000000,0.000000,0.000000,0.000
27.5366,2.000000,0.000000,0.000000,0.000
27.5370,2.000000,0.000000,0.000000,0.000
27.5464,1.702932,-0.137246,-0.015599,0.000
27.6343,2.000000,0.000000,0.000000,0.000
27.6354,2.000000,0.000000,0.000000,0.000
27.6360,2.000000,0.000000,0.000000,0.000
27.6363,2.000000,0.000000,0.000000,0.000
27.6495,1.723395,-0.130844,-0.015772,0.000
27.7342,2.000000,0.000000,0.000000,0.000
27.7348,2.000000,0.000000,0.000000,0.000
27.7352,2.000000,0.000000,0.000000,0.000
27.7356,2.000000,0.000000,0.000000,0.000
27.7516,1.698162,-0.117966,0.014656,0.000
27.8341,2.000000,0.000000,0.000000,0.000
27.8346,2.000000,0.000000,0.000000,0.000
27.8353,2.000000,0.000000,0.000000,0.000
27.8358,2.000000,0.000000,0.000000,0.000
27.8474,1.699305,-0.081022,-0.023269,0.000
27.9337,2.000000,0.000000,0.000000,0.000
27.9345,2.000000,0.000000,0.000000,0.000
27.9350,2.000000,0.000000,0.000000,0.000
27.9353,2.000000,0.000000,0.000000,0.000
27.9470,1.723516,-0.107917,-0.034117,0.000
28.0345,2.000000,0.000000,0.000000,0.000
28.0351,2.000000,0.000000,0.000000,0.000
28.0355,2.000000,0.000000,0.000000,0.000
28.0358,2.000000,0.000000,0.000000,0.000
28.0465,1.679110,-0.124015,-0.023277,0.000
28.1320,2.000000,0.000000,0.000000,0.000
28.1327,2.000000,0.000000,0.000000,0.000
28.1332,2.000000,0.000000,0.000000,0.000
28.1336,2.000000,0.000000,0.000000,0.000
28.1490,1.729403,-0.137282,-0.026451,0.000
28.2335,2.000000,0.000000,0.000000,0.000
28.2342,2.000000,0.000000,0.000000,0.000
28.2348,2.000000,0.000000,0.000000,0.000
28.2352,2.000000,0.000000,0.000000,0.000
28.2456,1.753972,-0.118407,-0.016069,0.000
28.3330,2.000000,0.000000,0.000000,0.000
28.3334,2.000000,0.000000,0.000000,0.000
28.3337,2.000000,0.000000,0.000000,0.000
28.3340,2.000000,0.000000,0.000000,0.000
28.3493,1.726758,-0.144471,-0.028787,0.000
28.4325,2.000000,0.000000,0.000000,0.000
28.4340,2.000000,0.000000,0.000000,0.000
28.4345,2.000000,0.000000,0.000000,0.000
28.4349,2.000000,0.000000,0.000000,0.000
28.4485,1.728116,-0.108770,-0.056364,0.000
28.5334,2.000000,0.000000,0.000000,0.000
28.5340,2.000000,0.000000,0.000000,0.000
28.5351,2.000000,0.000000,0.000000,0.000
28.5354,2.000000,0.000000,0.000000,0.000
28.5476,1.757027,-0.128593,-0.037174,0.000
28.6320,2.000000,0.000000,0.000000,0.000
28.6333,2.000000,0.000000,0.000000,0.000
28.6354,2.000000,0.000000,0.000000,0.000
28.6358,2.000000,0.000000,0.000000,0.000
28.6469,1.752930,-0.156965,-0.055352,0.000
28.7323,2.000000,0.000000,0.000000,0.000
28.7330,2.000000,0.000000,0.000000,0.000
28.7335,2.000000,0.000000,0.000000,0.000
28.7338,2.000000,0.000000,0.000000,0.000
28.7497,1.750627,-0.124833,-0.055479,0.000
28.8338,2.000000,0.000000,0.000000,0.000
28.8345,2.000000,0.000000,0.000000,0.000
28.8351,2.000000,0.000000,0.000000,0.000
28.8355,2.000000,0.000000,0.000000,0.000
28.8466,1.788091,-0.111373,-0.052608,0.000
28.9331,2.000000,0.000000,0.000000,0.000
28.9335,2.000000,0.000000,0.000000,0.000
28.9338,2.000000,0.000000,0.000000,0.000
28.9341,2.000000,0.000000,0.000000,0.000
28.9481,1.743603,-0.132967,-0.047356,0.000
29.0347,2.000007,0.000007,0.000000,0.000
29.0354,2.000007,0.000007,0.000000,0.000
29.0359,2.000007,0.000007,0.000000,0.000
29.0363,2.000007,0.000007,0.000000,0.000
29.0466,1.799675,-0.109595,-0.040153,0.000
29.1323,2.000774,0.000774,0.000000,0.000
29.1328,2.000774,0.000774,0.000000,0.000
29.1331,2.000774,0.000774,0.000000,0.000
29.1334,2.000774,0.000774,0.000000,0.000
29.1471,1.736160,-0.167222,-0.038453,0.000
29.2342,2.001545,0.001545,0.000000,0.000
29.2347,2.001545,0.001545,0.000000,0.000
29.2351,2.001545,0.001545,0.000000,0.000
29.2355,2.001545,0.001545,0.000000,0.000
29.2465,1.756643,-0.137930,-0.050126,0.000
29.3367,2.002318,0.002318,0.000000,0.000
29.3386,2.002318,0.002318,0.000000,0.000
29.3391,2.002318,0.002318,0.000000,0.000
29.3394,2.002318,0.002318,0.000000,0.000
29.3470,1.766290,-0.125856,-0.038464,0.000
29.4329,2.003081,0.003081,0.000000,0.000
29.4335,2.003081,0.003081,0.000000,0.000
29.4339,2.003081,0.003081,0.000000,0.000
29.4342,2.003081,0.003081,0.000000,0.000
29.4482,1.757409,-0.141011,-0.024233,0.000
29.5333,2.003844,0.003844,0.000000,0.000
29.5337,2.003844,0.003844,0.000000,0.000
29.5340,2.003844,0.003844,0.000000,0.000
29.5342,2.003844,0.003844,0.000000,0.000
29.5473,1.776157,-0.110517,-0.046091,0.000
29.6332,2.004608,0.004608,0.000000,0.000
29.6336,2.004608,0.004608,0.000000,0.000
29.6340,2.004608,0.004608,0.000000,0.000
29.6343,2.004608,0.004608,0.000000,0.000
29.6497,1.773229,-0.145042,-0.048452,0.000
29.7320,2.005376,0.005376,0.000000,0.000
29.7330,2.005376,0.005376,0.000000,0.000
29.7333,2.005376,0.005376,0.000000,0.000
29.7335,2.005376,0.005376,0.000000,0.000
29.7461,1.768993,-0.133040,-0.066344,0.000
29.8334,2.006151,0.006151,0.000000,0.000
29.8363,2.006151,0.006151,0.000000,0.000
29.8389,2.006151,0.006151,0.000000,0.000
29.8395,2.006151,0.006151,0.000000,0.000
29.8480,1.811702,-0.119846,-0.074458,0.000
29.9347,2.006916,0.006916,0.000000,0.000
29.9356,2.006916,0.006916,0.000000,0.000
29.9371,2.006916,0.006916,0.000000,0.000
29.9374,2.006916,0.006916,0.000000,0.000
29.9464,1.822689,-0.156666,-0.051110,0.000
30.0327,2.007681,0.007681,0.000000,0.000
30.0333,2.007681,0.007681,0.000000,0.000
30.0338,2.007681,0.007681,0.000000,0.000
30.0350,2.007681,0.007681,0.000000,0.000
30.0478,1.832107,-0.157148,-0.057413,0.000
30.1396,2.008442,0.008442,0.000000,0.000
30.1407,2.008442,0.008442,0.000000,0.000
30.1411,2.008442,0.008442,0.000000,0.000
30.1414,2.008442,0.008442,0.000000,0.000
30.1467,1.765213,-0.193696,-0.039792,0.000
30.2321,2.009209,0.009209,0.000000,0.000
30.2333,2.009209,0.009209,0.000000,0.000
30.2337,2.009209,0.009209,0.000000,0.000
30.2341,2.009209,0.009209,0.000000,0.000
30.2491,1.779463,-0.212307,-0.020327,0.000
30.3361,2.009981,0.009981,0.000000,0.000
30.3367,2.009981,0.009981,0.000000,0.000
30.3371,2.009981,0.009981,0.000000,0.000
30.3374,2.009981,0.009981,0.000000,0.000
30.3460,1.788338,-0.180896,-0.011660,0.000
30.4358,2.010744,0.010744,0.000000,0.000
30.4368,2.010744,0.010744,0.000000,0.000
30.4372,2.010744,0.010744,0.000000,0.000
30.4375,2.010744,0.010744,0.000000,0.000
30.4461,1.774569,-0.197313,-0.014598,0.000
30.5347,2.011523,0.011523,0.000000,0.000
30.5352,2.011523,0.011523,0.000000,0.000
30.5354,2.011523,0.011523,0.000000,0.000
30.5357,2.011523,0.011523,0.000000,0.000
30.5477,1.841639,-0.194932,-0.049070,0.000
33.0758,2.012278,0.012278,0.000000,0.000
33.0766,2.012278,0.012278,0.000000,0.000
33.0769,2.012278,0.012278,0.000000,0.000
33.0775,2.012278,0.012278,0.000000,0.000
33.0906,1.858349,-0.168756,-0.028132,0.000
33.1746,2.013045,0.013045,0.000000,0.000
33.1751,2.013045,0.013045,0.000000,0.000
33.1755,2.013045,0.013045,0.000000,0.000
33.1759,2.013045,0.013045,0.000000,0.000
33.1893,1.856903,-0.152767,-0.025814,0.000
33.2749,2.013815,0.013815,0.000000,0.000
33.2754,2.013815,0.013815,0.000000,0.000
33.2757,2.013815,0.013815,0.000000,0.000
33.2760,2.013815,0.013815,0.000000,0.000
33.2893,1.846685,-0.149570,-0.025498,0.000
33.3780,2.014593,0.014593,0.000000,0.000
33.3785,2.014593,0.014593,0.000000,0.000
33.3790,2.014593,0.014593,0.000000,0.000
33.3817,2.014593,0.014593,0.000000,0.000
33.3883,1.852135,-0.155254,-0.039210,0.000
33.4756,2.015349,0.015349,0.000000,0.000
33.4761,2.015349,0.015349,0.000000,0.000
33.4765,2.015349,0.015349,0.000000,0.000
33.4768,2.015349,0.015349,0.000000,0.000
33.4885,1.856732,-0.155891,-0.038661,0.000
33.5756,2.016112,0.016112,0.000000,0.000
33.5762,2.016112,0.016112,0.000000,0.000
33.5766,2.016112,0.016112,0.000000,0.000
33.5770,2.016112,0.016112,0.000000,0.000
33.5883,1.854853,-0.127614,-0.020813,0.000
33.6761,2.016884,0.016884,0.000000,0.000
33.6765,2.016884,0.016884,0.000000,0.000
33.6768,2.016884,0.016884,0.000000,0.000
33.6771,2.016884,0.016884,0.000000,0.000
33.6914,1.855894,-0.150163,-0.019252,0.000
33.7759,2.017654,0.017654,0.000000,0.000
33.7775,2.017654,0.017654,0.000000,0.000
33.7781,2.017654,0.017654,0.000000,0.000
33.7787,2.017654,0.017654,0.000000,0.000
33.7898,1.868120,-0.160279,-0.022623,0.000
33.8751,2.018413,0.018413,0.000000,0.000
33.8762,2.018413,0.018413,0.000000,0.000
33.8767,2.018413,0.018413,0.000000,0.000
33.8771,2.018413,0.018413,0.000000,0.000
33.8898,1.846975,-0.135515,-0.018286,0.000
33.9750,2.019182,0.019182,0.000000,0.000
33.9769,2.019182,0.019182,0.000000,0.000
33.9775,2.019182,0.019182,0.000000,0.000
33.9779,2.019182,0.019182,0.000000,0.000
33.9913,1.880931,-0.126656,-0.005273,0.000
34.0749,2.019946,0.019946,0.000000,0.000
34.0755,2.019946,0.019946,0.000000,0.000
34.0759,2.019946,0.019946,0.000000,0.000
34.0762,2.019946,0.019946,0.000000,0.000
34.0904,1.886049,-0.133010,-0.002265,0.000
34.1753,2.020712,0.020712,0.000000,0.000
34.1809,2.020712,0.020712,0.000000,0.000
34.1813,2.020712,0.020712,0.000000,0.000
34.1816,2.020712,0.020712,0.000000,0.000
34.1890,1.858851,-0.122386,-0.012069,0.000
34.2767,2.021482,0.021482,0.000000,0.000
34.2771,2.021482,0.021482,0.000000,0.000
34.2774,2.021482,0.021482,0.000000,0.000
34.2777,2.021482,0.021482,0.000000,0.000
34.2908,1.864556,-0.131551,-0.021456,0.000
34.3754,2.022253,0.022253,0.000000,0.000
34.3760,2.022253,0.022253,0.000000,0.000
34.3764,2.022253,0.022253,0.000000,0.000
34.3767,2.022253,0.022253,0.000000,0.000
34.3901,1.872853,-0.114080,0.002859,0.000
34.4748,2.023017,0.023017,0.000000,0.000
34.4774,2.023017,0.023017,0.000000,0.000
34.4781,2.023017,0.023017,0.000000,0.000
34.4793,2.023017,0.023017,0.000000,0.000
34.4929,1.867790,-0.117619,-0.014137,0.000
34.5765,2.023782,0.023782,0.000000,0.000
34.5771,2.023782,0.023782,0.000000,0.000
34.5774,2.023782,0.023782,0.000000,0.000
34.5778,2.023782,0.023782,0.000000,0.000
34.5939,1.853291,-0.116510,-0.003659,0.000
34.6752,2.024553,0.024553,0.000000,0.000
34.6757,2.024553,0.024553,0.000000,0.000
34.6760,2.024553,0.024553,0.000000,0.000
34.6763,2.024553,0.024553,0.000000,0.000
34.6907,1.852161,-0.107739,-0.015697,0.000
34.7766,2.025316,0.025316,0.000000,0.000
34.7771,2.025316,0.025316,0.000000,0.000
34.7774,2.025316,0.025316,0.000000,0.000
34.7777,2.025316,0.025316,0.000000,0.000
34.7894,1.854977,-0.105034,-0.012557,0.000
34.8766,2.026090,0.026090,0.000000,0.000
34.8776,2.026090,0.026090,0.000000,0.000
34.8788,2.026090,0.026090,0.000000,0.000
34.8792,2.026090,0.026090,0.000000,0.000
34.8885,1.870343,-0.111104,-0.002735,0.000
34.9747,2.026848,0.026848,0.000000,0.000
34.9752,2.026848,0.026848,0.000000,0.000
34.9756,2.026848,0.026848,0.000000,0.000
34.9758,2.026848,0.026848,0.000000,0.000
34.9893,1.896518,-0.116609,-0.007427,0.000
35.0779,2.027620,0.027620,0.000000,0.000
35.0783,2.027620,0.027620,0.000000,0.000
35.0785,2.027620,0.027620,0.000000,0.000
35.0788,2.027620,0.027620,0.000000,0.000
35.0907,1.922494,-0.110767,0.006823,0.000
35.1761,2.028384,0.028384,0.000000,0.000
35.1766,2.028384,0.028384,0.000000,0.000
35.1769,2.028384,0.028384,0.000000,0.000
35.1772,2.028384,0.028384,0.000000,0.000
35.1894,1.881548,-0.101778,0.006587,0.000
35.2759,2.029150,0.029150,0.000000,0.000
35.2765,2.029150,0.029150,0.000000,0.000
35.2768,2.029150,0.029150,0.000000,0.000
35.2771,2.029150,0.029150,0.000000,0.000
35.2917,1.875801,-0.129061,-0.022400,0.000
35.3763,2.029920,0.029920,0.000000,0.000
35.3767,2.029920,0.029920,0.000000,0.000
35.3771,2.029920,0.029920,0.000000,0.000
35.3774,2.029920,0.029920,0.000000,0.000
35.3895,1.931837,-0.121122,-0.005863,0.000
35.4769,2.030684,0.030684,0.000000,0.000
35.4774,2.030684,0.030684,0.000000,0.000
35.4778,2.030684,0.030684,0.000000,0.000
35.4781,2.030684,0.030684,0.000000,0.000
35.4888,1.927039,-0.132159,0.001281,0.000
35.5751,2.031451,0.031451,0.000000,0.000
35.5756,2.031451,0.031451,0.000000,0.000
35.5759,2.031451,0.031451,0.000000,0.000
35.5762,2.031451,0.031451,0.000000,0.000
35.5918,1.867190,-0.133839,0.011845,0.000
35.6774,2.032221,0.032221,0.000000,0.000
35.6781,2.032221,0.032221,0.000000,0.000
35.6795,2.032221,0.032221,0.000000,0.000
35.6800,2.032221,0.032221,0.000000,0.000
35.6886,1.875202,-0.127441,0.017678,0.000
35.7755,2.032987,0.032987,0.000000,0.000
35.7781,2.032987,0.032987,0.000000,0.000
35.7786,2.032987,0.032987,0.000000,0.000
35.7790,2.032987,0.032987,0.000000,0.000
35.7893,1.898322,-0.144938,0.009004,0.000
35.8755,2.033758,0.033758,0.000000,0.000
35.8761,2.033758,0.033758,0.000000,0.000
35.8766,2.033758,0.033758,0.000000,0.000
35.8782,2.033758,0.033758,0.000000,0.000
35.8890,1.872314,-0.168966,-0.014762,0.000
35.9755,2.034518,0.034518,0.000000,0.000
35.9760,2.034518,0.034518,0.000000,0.000
35.9763,2.034518,0.034518,0.000000,0.000
35.9766,2.034518,0.034518,0.000000,0.000
35.9900,1.873556,-0.156467,0.002459,0.000
36.0769,2.035285,0.035285,0.000000,0.000
36.0780,2.035285,0.035285,0.000000,0.000
36.0784,2.035285,0.035285,0.000000,0.000
36.0787,2.035285,0.035285,0.000000,0.000
36.0904,1.860825,-0.184840,0.002967,0.000
36.1752,2.036053,0.036053,0.000000,0.000
36.1761,2.036053,0.036053,0.000000,0.000
36.1783,2.036053,0.036053,0.000000,0.000
36.1787,2.036053,0.036053,0.000000,0.000
36.1884,1.869020,-0.162004,0.000698,0.000
36.2745,2.036819,0.036819,0.000000,0.000
36.2759,2.036819,0.036819,0.000000,0.000
36.2763,2.036819,0.036819,0.000000,0.000
36.2766,2.036819,0.036819,0.000000,0.000
36.2906,1.873912,-0.164920,-0.004450,0.000
36.3759,2.037589,0.037589,0.000000,0.000
36.3765,2.037589,0.037589,0.000000,0.000
36.3769,2.037589,0.037589,0.000000,0.000
36.3772,2.037589,0.037589,0.000000,0.000
36.3905,1.846676,-0.203242,0.006117,0.000
36.4748,2.038353,0.038353,0.000000,0.000
36.4755,2.038353,0.038353,0.000000,0.000
36.4763,2.038353,0.038353,0.000000,0.000
36.4766,2.038353,0.038353,0.000000,0.000
36.4893,1.867237,-0.189482,-0.014306,0.000
36.5761,2.039124,0.039124,0.000000,0.000
36.5768,2.039124,0.039124,0.000000,0.000
36.5773,2.039124,0.039124,0.000000,0.000
36.5777,2.039124,0.039124,0.000000,0.000
36.5904,1.855518,-0.188226,0.007675,0.000
36.6745,2.039886,0.039886,0.000000,0.000
36.6751,2.039886,0.039886,0.000000,0.000
36.6755,2.039886,0.039886,0.000000,0.000
36.6759,2.039886,0.039886,0.000000,0.000
36.6931,1.813039,-0.205172,0.019712,0.000
36.7749,2.040656,0.040656,0.000000,0.000
36.7756,2.040656,0.040656,0.000000,0.000
36.7761,2.040656,0.040656,0.000000,0.000
36.7765,2.040656,0.040656,0.000000,0.000
36.7894,1.814900,-0.192429,0.021226,0.000
36.8753,2.041422,0.041422,0.000000,0.000
36.8763,2.041422,0.041422,0.000000,0.000
36.8766,2.041422,0.041422,0.000000,0.000
36.8770,2.041422,0.041422,0.000000,0.000
36.8901,1.809929,-0.219989,0.015211,0.000
36.9763,2.042191,0.042191,0.000000,0.000
36.9770,2.042191,0.042191,0.000000,0.000
36.9774,2.042191,0.042191,0.000000,0.000
36.9790,2.042191,0.042191,0.000000,0.000
36.9905,1.789905,-0.209325,-0.015668,0.000
37.0761,2.042954,0.042954,0.000000,0.000
37.0767,2.042954,0.042954,0.000000,0.000
37.0770,2.042954,0.042954,0.000000,0.000
37.0773,2.042954,0.042954,0.000000,0.000
37.0898,1.837744,-0.153719,-0.004717,0.000
37.1754,2.043720,0.043720,0.000000,0.000
37.1760,2.043720,0.043720,0.000000,0.000
37.1764,2.043720,0.043720,0.000000,0.000
37.1768,2.043720,0.043720,0.000000,0.000
37.1886,1.803537,-0.156416,-0.006132,0.000
37.2772,2.044494,0.044494,0.000000,0.000
37.2777,2.044494,0.044494,0.000000,0.000
37.2781,2.044494,0.044494,0.000000,0.000
37.2785,2.044494,0.044494,0.000000,0.000
37.2898,1.827051,-0.158179,0.017501,0.000
37.3750,2.045256,0.045256,0.000000,0.000
37.3781,2.045256,0.045256,0.000000,0.000
37.3785,2.045256,0.045256,0.000000,0.000
37.3787,2.045256,0.045256,0.000000,0.000
37.3882,1.824670,-0.142747,0.008825,0.000
37.4754,2.046023,0.046023,0.000000,0.000
37.4783,2.046023,0.046023,0.000000,0.000
37.4786,2.046023,0.046023,0.000000,0.000
37.4790,2.046023,0.046023,0.000000,0.000
37.4896,1.806315,-0.163213,0.024358,0.000
37.5754,2.046790,0.046790,0.000000,0.000
37.5762,2.046790,0.046790,0.000000,0.000
37.5767,2.046790,0.046790,0.000000,0.000
37.5770,2.046790,0.046790,0.000000,0.000
37.5903,1.809732,-0.183004,0.032606,0.000
37.6757,2.047560,0.047560,0.000000,0.000
37.6762,2.047560,0.047560,0.000000,0.000
37.6766,2.047560,0.047560,0.000000,0.000
37.6769,2.047560,0.047560,0.000000,0.000
37.6894,1.798311,-0.175584,0.038392,0.000
37.7756,2.048330,0.048330,0.000000,0.000
37.7761,2.048330,0.048330,0.000000,0.000
37.7770,2.048330,0.048330,0.000000,0.000
37.7778,2.048330,0.048330,0.000000,0.000
37.7891,1.836064,-0.180074,0.035077,0.000
37.8748,2.049092,0.049092,0.000000,0.000
37.8752,2.049092,0.049092,0.000000,0.000
37.8758,2.049092,0.049092,0.000000,0.000
37.8762,2.049092,0.049092,0.000000,0.000
37.8892,1.838442,-0.145792,0.045580,0.000
37.9754,2.049861,0.049861,0.000000,0.000
37.9761,2.049861,0.049861,0.000000,0.000
37.9766,2.049861,0.049861,0.000000,0.000
37.9771,2.049861,0.049861,0.000000,0.000
37.9890,1.826233,-0.154568,0.043249,0.000
38.0765,2.050624,0.050624,0.000000,0.000
38.0776,2.050624,0.050624,0.000000,0.000
38.0785,2.050624,0.050624,0.000000,0.000
38.0790,2.050624,0.050624,0.000000,0.000
38.0881,1.821462,-0.161596,0.056155,0.000
38.1747,2.051392,0.051392,0.000000,0.000
38.1752,2.051392,0.051392,0.000000,0.000
38.1756,2.051392,0.051392,0.000000,0.000
38.1763,2.051392,0.051392,0.000000,0.000
38.1891,1.838237,-0.181253,0.076105,0.000
38.2783,2.052158,0.052158,0.000000,0.000
38.2788,2.052158,0.052158,0.000000,0.000
38.2791,2.052158,0.052158,0.000000,0.000
38.2795,2.052158,0.052158,0.000000,0.000
38.2903,1.818770,-0.163322,0.077007,0.000
38.3783,2.052947,0.052947,0.000000,0.000
38.3788,2.052947,0.052947,0.000000,0.000
38.3791,2.052947,0.052947,0.000000,0.000
38.3794,2.052947,0.052947,0.000000,0.000
38.3892,1.817412,-0.176112,0.096513,0.000
38.4764,2.053695,0.053695,0.000000,0.000
38.4769,2.053695,0.053695,0.000000,0.000
38.4773,2.053695,0.053695,0.000000,0.000
38.4776,2.053695,0.053695,0.000000,0.000
38.4885,1.803044,-0.181122,0.089109,0.000
38.5758,2.054463,0.054463,0.000000,0.000
38.5765,2.054463,0.054463,0.000000,0.000
38.5768,2.054463,0.054463,0.000000,0.000
38.5772,2.054463,0.054463,0.000000,0.000
38.5908,1.801931,-0.158914,0.105110,0.000
38.6763,2.055232,0.055232,0.000000,0.000
38.6775,2.055232,0.055232,0.000000,0.000
38.6779,2.055232,0.055232,0.000000,0.000
38.6783,2.055232,0.055232,0.000000,0.000
38.6895,1.809634,-0.161379,0.121312,0.000
38.7757,2.055996,0.055996,0.000000,0.000
38.7763,2.055996,0.055996,0.000000,0.000
38.7767,2.055996,0.055996,0.000000,0.000
38.7770,2.055996,0.055996,0.000000,0.000
38.7896,1.785270,-0.147904,0.115360,0.000
38.8761,2.056757,0.056757,0.000000,0.000
38.8768,2.056757,0.056757,0.000000,0.000
38.8771,2.056757,0.056757,0.000000,0.000
38.8774,2.056757,0.056757,0.000000,0.000
38.8886,1.801019,-0.168715,0.090048,0.000
38.9758,2.057528,0.057528,0.000000,0.000
38.9765,2.057528,0.057528,0.000000,0.000
38.9770,2.057528,0.057528,0.000000,0.000
38.9773,2.057528,0.057528,0.000000,0.000
38.9893,1.778386,-0.117383,0.092605,0.000
39.0758,2.058300,0.058300,0.000000,0.000
39.0770,2.058300,0.058300,0.000000,0.000
39.0774,2.058300,0.058300,0.000000,0.000
39.0779,2.058300,0.058300,0.000000,0.000
39.0884,1.794319,-0.124718,0.066894,0.000
39.1752,2.059059,0.059059,0.000000,0.000
39.1757,2.059059,0.059059,0.000000,0.000
39.1760,2.059059,0.059059,0.000000,0.000
39.1763,2.059059,0.059059,0.000000,0.000
39.1885,1.812907,-0.139566,0.089564,0.000
39.2752,2.059829,0.059829,0.000000,0.000
39.2758,2.059829,0.059829,0.000000,0.000
39.2762,2.059829,0.059829,0.000000,0.000
39.2765,2.059829,0.059829,0.000000,0.000
39.2894,1.809740,-0.117325,0.097080,0.000
39.3773,2.060596,0.060596,0.000000,0.000
39.3778,2.060596,0.060596,0.000000,0.000
39.3781,2.060596,0.060596,0.000000,0.000
39.3783,2.060596,0.060596,0.000000,0.000
39.3899,1.822128,-0.110338,0.084586,0.000
39.4757,2.061361,0.061361,0.000000,0.000
39.4763,2.061361,0.061361,0.000000,0.000
39.4766,2.061361,0.061361,0.000000,0.000
39.4769,2.061361,0.061361,0.000000,0.000
39.4906,1.833622,-0.078361,0.085038,0.000
39.5751,2.062130,0.062130,0.000000,0.000
39.5757,2.062130,0.062130,0.000000,0.000
39.5780,2.062130,0.062130,0.000000,0.000
39.5788,2.062130,0.062130,0.000000,0.000
39.5890,1.792926,-0.107898,0.090723,0.000
39.6764,2.062900,0.062900,0.000000,0.000
39.6768,2.062900,0.062900,0.000000,0.000
39.6771,2.062900,0.062900,0.000000,0.000
39.6774,2.062900,0.062900,0.000000,0.000
39.6904,1.866948,-0.071608,0.078722,0.000
39.7766,2.063665,0.063665,0.000000,0.000
39.7772,2.063665,0.063665,0.000000,0.000
39.7776,2.063665,0.063665,0.000000,0.000
39.7779,2.063665,0.063665,0.000000,0.000
39.7899,1.888458,-0.096248,0.075793,0.000
39.8748,2.064428,0.064428,0.000000,0.000
39.8752,2.064428,0.064428,0.000000,0.000
39.8754,2.064428,0.064428,0.000000,0.000
39.8757,2.064428,0.064428,0.000000,0.000
39.8887,1.882973,-0.100712,0.062369,0.000
39.9750,2.065199,0.065199,0.000000,0.000
39.9755,2.065199,0.065199,0.000000,0.000
39.9759,2.065199,0.065199,0.000000,0.000
39.9761,2.065199,0.065199,0.000000,0.000
39.9882,1.896182,-0.102915,0.090924,0.000
40.0757,2.065960,0.065960,0.000000,0.000
40.0764,2.065960,0.065960,0.000000,0.000
40.0767,2.065960,0.065960,0.000000,0.000
40.0770,2.065960,0.065960,0.000000,0.000
40.0897,1.889204,-0.120988,0.079607,0.000
40.1752,2.066729,0.066729,0.000000,0.000
40.1757,2.066729,0.066729,0.000000,0.000
40.1761,2.066729,0.066729,0.000000,0.000
40.1764,2.066729,0.066729,0.000000,0.000
40.1897,1.923562,-0.116415,0.072114,0.000
40.2752,2.067496,0.067496,0.000000,0.000
40.2757,2.067496,0.067496,0.000000,0.000
40.2774,2.067496,0.067496,0.000000,0.000
40.2777,2.067496,0.067496,0.000000,0.000
40.2885,1.903775,-0.110794,0.056289,0.000
40.3770,2.068262,0.068262,0.000000,0.000
40.3779,2.068262,0.068262,0.000000,0.000
40.3791,2.068262,0.068262,0.000000,0.000
40.3796,2.068262,0.068262,0.000000,0.000
40.3906,1.913999,-0.095078,0.071849,0.000
40.4758,2.069030,0.069030,0.000000,0.000
40.4763,2.069030,0.069030,0.000000,0.000
40.4767,2.069030,0.069030,0.000000,0.000
40.4770,2.069030,0.069030,0.000000,0.000
40.4891,1.903320,-0.112913,0.079419,0.000
40.5762,2.069801,0.069801,0.000000,0.000
40.5768,2.069801,0.069801,0.000000,0.000
40.5772,2.069801,0.069801,0.000000,0.000
40.5776,2.069801,0.069801,0.000000,0.000
40.5891,1.911766,-0.089961,0.058443,0.000
40.6762,2.070571,0.070571,0.000000,0.000
40.6770,2.070571,0.070571,0.000000,0.000
40.6774,2.070571,0.070571,0.000000,0.000
40.6778,2.070571,0.070571,0.000000,0.000
40.6909,1.890543,-0.096298,0.076666,0.000
40.7771,2.071330,0.071330,0.000000,0.000
40.7778,2.071330,0.071330,0.000000,0.000
40.7782,2.071330,0.071330,0.000000,0.000
40.7790,2.071330,0.071330,0.000000,0.000
40.7896,1.875154,-0.088949,0.091850,0.000
40.8761,2.072106,0.072106,0.000000,0.000
40.8767,2.072106,0.072106,0.000000,0.000
40.8777,2.072106,0.072106,0.000000,0.000
40.8791,2.072106,0.072106,0.000000,0.000
40.8903,1.891614,-0.105589,0.080464,0.000
40.9746,2.072864,0.072864,0.000000,0.000
40.9763,2.072864,0.072864,0.000000,0.000
40.9767,2.072864,0.072864,0.000000,0.000
40.9771,2.072864,0.072864,0.000000,0.000
40.9901,1.928026,-0.101725,0.071748,0.000
41.0778,2.073639,0.073639,0.000000,0.000
41.0784,2.073639,0.073639,0.000000,0.000
41.0788,2.073639,0.073639,0.000000,0.000
41.0791,2.073639,0.073639,0.000000,0.000
41.0898,1.878243,-0.110165,0.072109,0.000
41.1745,2.074396,0.074396,0.000000,0.000
41.1756,2.074396,0.074396,0.000000,0.000
41.1761,2.074396,0.074396,0.000000,0.000
41.1765,2.074396,0.074396,0.000000,0.000
41.1907,1.915877,-0.087714,0.065782,0.000
41.2756,2.075170,0.075170,0.000000,0.000
41.2764,2.075170,0.075170,0.000000,0.000
41.2769,2.075170,0.075170,0.000000,0.000
41.2775,2.075170,0.075170,0.000000,0.000
41.2904,1.890841,-0.105204,0.060655,0.000
41.3777,2.075938,0.075938,0.000000,0.000
41.3781,2.075938,0.075938,0.000000,0.000
41.3785,2.075938,0.075938,0.000000,0.000
41.3788,2.075938,0.075938,0.000000,0.000
41.3891,1.915216,-0.074526,0.057246,0.000
41.4744,2.076698,0.076698,0.000000,0.000
41.4751,2.076698,0.076698,0.000000,0.000
41.4754,2.076698,0.076698,0.000000,0.000
41.4757,2.076698,0.076698,0.000000,0.000
41.4903,1.906032,-0.052323,0.052072,0.000
41.5743,2.077464,0.077464,0.000000,0.000
41.5779,2.077464,0.077464,0.000000,0.000
41.5784,2.077464,0.077464,0.000000,0.000
41.5788,2.077464,0.077464,0.000000,0.000
41.5888,1.918781,-0.059145,0.061097,0.000
41.6759,2.078232,0.078232,0.000000,0.000
41.6765,2.078232,0.078232,0.000000,0.000
41.6769,2.078232,0.078232,0.000000,0.000
41.6772,2.078232,0.078232,0.000000,0.000
41.6894,1.874904,-0.102245,0.056001,0.000
41.7746,2.078999,0.078999,0.000000,0.000
41.7752,2.078999,0.078999,0.000000,0.000
41.7755,2.078999,0.078999,0.000000,0.000
41.7758,2.078999,0.078999,0.000000,0.000
41.7895,1.922123,-0.067146,0.053139,0.000
41.8751,2.079767,0.079767,0.000000,0.000
41.8755,2.079767,0.079767,0.000000,0.000
41.8758,2.079767,0.079767,0.000000,0.000
41.8761,2.079767,0.079767,0.000000,0.000
41.8909,1.918081,-0.082911,0.053538,0.000
41.9756,2.080535,0.080535,0.000000,0.000
41.9761,2.080535,0.080535,0.000000,0.000
41.9765,2.080535,0.080535,0.000000,0.000
41.9769,2.080535,0.080535,0.000000,0.000
41.9893,1.876096,-0.105880,0.042904,0.000
42.0804,2.081302,0.081302,0.000000,0.000
42.0815,2.081302,0.081302,0.000000,0.000
42.0824,2.081302,0.081302,0.000000,0.000
42.0829,2.081302,0.081302,0.000000,0.000
42.0907,1.928163,-0.112010,0.052053,0.000
42.1787,2.082073,0.082073,0.000000,0.000
42.1791,2.082073,0.082073,0.000000,0.000
42.1794,2.082073,0.082073,0.000000,0.000
42.1797,2.082073,0.082073,0.000000,0.000
42.1893,1.909549,-0.084810,0.065472,0.000
42.2753,2.082836,0.082836,0.000000,0.000
42.2758,2.082836,0.082836,0.000000,0.000
42.2774,2.082836,0.082836,0.000000,0.000
42.2859,2.082836,0.082836,0.000000,0.000
42.2886,1.913817,-0.102390,0.073583,0.000
42.3758,2.083606,0.083606,0.000000,0.000
42.3764,2.083606,0.083606,0.000000,0.000
42.3770,2.083606,0.083606,0.000000,0.000
42.3775,2.083606,0.083606,0.000000,0.000
42.3888,1.910837,-0.085831,0.075908,0.000
42.4750,2.084369,0.084369,0.000000,0.000
42.4760,2.084369,0.084369,0.000000,0.000
42.4766,2.084369,0.084369,0.000000,0.000
42.4770,2.084369,0.084369,0.000000,0.000
42.4895,1.956424,-0.094835,0.057837,0.000
42.5765,2.085134,0.085134,0.000000,0.000
42.5771,2.085134,0.085134,0.000000,0.000
42.5774,2.085134,0.085134,0.000000,0.000
42.5778,2.085134,0.085134,0.000000,0.000
42.5890,1.964417,-0.107608,0.045462,0.000
42.6750,2.085899,0.085899,0.000000,0.000
42.6755,2.085899,0.085899,0.000000,0.000
42.6759,2.085899,0.085899,0.000000,0.000
42.6762,2.085899,0.085899,0.000000,0.000
42.6904,1.992788,-0.080298,0.056497,0.000
42.7782,2.086670,0.086670,0.000000,0.000
42.7788,2.086670,0.086670,0.000000,0.000
42.7792,2.086670,0.086670,0.000000,0.000
42.7794,2.086670,0.086670,0.000000,0.000
42.7896,1.971482,-0.059057,0.054356,0.000
42.8772,2.087434,0.087434,0.000000,0.000
42.8776,2.087434,0.087434,0.000000,0.000
42.8778,2.087434,0.087434,0.000000,0.000
42.8781,2.087434,0.087434,0.000000,0.000
42.8891,1.974537,-0.047146,0.043683,0.000
42.9756,2.088200,0.088200,0.000000,0.000
42.9761,2.088200,0.088200,0.000000,0.000
42.9764,2.088200,0.088200,0.000000,0.000
42.9768,2.088200,0.088200,0.000000,0.000
42.9889,1.990278,-0.023722,0.049845,0.000
43.0757,2.088976,0.088976,0.000000,0.000
43.0764,2.088976,0.088976,0.000000,0.000
43.0768,2.088976,0.088976,0.000000,0.000
43.0771,2.088976,0.088976,0.000000,0.000
43.0883,2.012181,-0.047039,0.041028,0.000
43.1755,2.089739,0.089739,0.000000,0.000
43.1761,2.089739,0.089739,0.000000,0.000
43.1764,2.089739,0.089739,0.000000,0.000
43.1771,2.089739,0.089739,0.000000,0.000
43.1908,2.030869,-0.055820,0.057703,0.000
43.2754,2.090505,0.090505,0.000000,0.000
43.2762,2.090505,0.090505,0.000000,0.000
43.2773,2.090505,0.090505,0.000000,0.000
43.2777,2.090505,0.090505,0.000000,0.000
43.2897,1.970354,-0.084517,0.077712,0.000
43.3747,2.091269,0.091269,0.000000,0.000
43.3751,2.091269,0.091269,0.000000,0.000
43.3753,2.091269,0.091269,0.000000,0.000
43.3756,2.091269,0.091269,0.000000,0.000
43.3899,1.990017,-0.055732,0.078577,0.000
43.4756,2.092036,0.092036,0.000000,0.000
43.4760,2.092036,0.092036,0.000000,0.000
43.4764,2.092036,0.092036,0.000000,0.000
43.4769,2.092036,0.092036,0.000000,0.000
43.4888,2.003439,-0.068968,0.065932,0.000
43.5771,2.092805,0.092805,0.000000,0.000
43.5776,2.092805,0.092805,0.000000,0.000
43.5781,2.092805,0.092805,0.000000,0.000
43.5784,2.092805,0.092805,0.000000,0.000
43.5896,1.988696,-0.068978,0.061528,0.000
43.6754,2.093574,0.093574,0.000000,0.000
43.6760,2.093574,0.093574,0.000000,0.000
43.6765,2.093574,0.093574,0.000000,0.000
43.6776,2.093574,0.093574,0.000000,0.000
43.6891,1.973464,-0.119745,0.069257,0.000
43.7777,2.094354,0.094354,0.000000,0.000
43.7782,2.094354,0.094354,0.000000,0.000
43.7786,2.094354,0.094354,0.000000,0.000
43.7788,2.094354,0.094354,0.000000,0.000
43.7909,1.998710,-0.095420,0.054573,0.000
43.8752,2.095105,0.095105,0.000000,0.000
43.8758,2.095105,0.095105,0.000000,0.000
43.8764,2.095105,0.095105,0.000000,0.000
43.8768,2.095105,0.095105,0.000000,0.000
43.8893,1.982135,-0.112783,0.055987,0.000
43.9768,2.095878,0.095878,0.000000,0.000
43.9774,2.095878,0.095878,0.000000,0.000
43.9778,2.095878,0.095878,0.000000,0.000
43.9794,2.095878,0.095878,0.000000,0.000
43.9891,1.964557,-0.067644,0.036607,0.000
44.0759,2.096643,0.096643,0.000000,0.000
44.0766,2.096643,0.096643,0.000000,0.000
44.0770,2.096643,0.096643,0.000000,0.000
44.0774,2.096643,0.096643,0.000000,0.000
44.0920,1.971227,-0.063768,0.038079,0.000
44.1750,2.097409,0.097409,0.000000,0.000
44.1755,2.097409,0.097409,0.000000,0.000
44.1782,2.097409,0.097409,0.000000,0.000
44.1793,2.097409,0.097409,0.000000,0.000
44.1906,1.968777,-0.071217,0.053413,0.000
44.2798,2.098180,0.098180,0.000000,0.000
44.2807,2.098180,0.098180,0.000000,0.000
44.2860,2.098180,0.098180,0.000000,0.000
44.2867,2.098180,0.098180,0.000000,0.000
44.2883,1.968187,-0.106973,0.044998,0.000
44.3755,2.098942,0.098942,0.000000,0.000
44.3760,2.098942,0.098942,0.000000,0.000
44.3763,2.098942,0.098942,0.000000,0.000
44.3767,2.098942,0.098942,0.000000,0.000
44.3883,1.946646,-0.104562,0.035840,0.000
44.4818,2.099711,0.099711,0.000000,0.000
44.4824,2.099711,0.099711,0.000000,0.000
44.4827,2.099711,0.099711,0.000000,0.000
44.4830,2.099711,0.099711,0.000000,0.000
44.4912,2.011310,-0.058728,0.068432,0.000
44.5753,2.100472,0.100472,0.000000,0.000
44.5757,2.100472,0.100472,0.000000,0.000
44.5761,2.100472,0.100472,0.000000,0.000
44.5764,2.100472,0.100472,0.000000,0.000
44.5900,1.984718,-0.101956,0.053611,0.000
44.6780,2.101245,0.101245,0.000000,0.000
44.6797,2.101245,0.101245,0.000000,0.000
44.6809,2.101245,0.101245,0.000000,0.000
44.6815,2.101245,0.101245,0.000000,0.000
44.6888,2.034404,-0.068598,0.047973,0.000
44.7756,2.102006,0.102006,0.000000,0.000
44.7763,2.102006,0.102006,0.000000,0.000
44.7772,2.102006,0.102006,0.000000,0.000
44.7775,2.102006,0.102006,0.000000,0.000
44.7912,2.004759,-0.103082,0.064056,0.000
44.8757,2.102773,0.102773,0.000000,0.000
44.8762,2.102773,0.102773,0.000000,0.000
44.8768,2.102773,0.102773,0.000000,0.000
44.8773,2.102773,0.102773,0.000000,0.000
44.8900,2.014925,-0.084818,0.062640,0.000
44.9755,2.103540,0.103540,0.000000,0.000
44.9760,2.103540,0.103540,0.000000,0.000
44.9766,2.103540,0.103540,0.000000,0.000
44.9769,2.103540,0.103540,0.000000,0.000
44.9893,2.000812,-0.143895,0.074154,0.000
45.0763,2.104308,0.104308,0.000000,0.000
45.0769,2.104308,0.104308,0.000000,0.000
45.0794,2.104308,0.104308,0.000000,0.000
45.0800,2.104308,0.104308,0.000000,0.000
45.0931,1.977766,-0.141153,0.092929,0.000
45.1753,2.105074,0.105074,0.000000,0.000
45.1763,2.105074,0.105074,0.000000,0.000
45.1771,2.105074,0.105074,0.000000,0.000
45.1776,2.105074,0.105074,0.000000,0.000
45.1897,2.000966,-0.127398,0.063074,0.000
45.2752,2.105847,0.105847,0.000000,0.000
45.2760,2.105847,0.105847,0.000000,0.000
45.2763,2.105847,0.105847,0.000000,0.000
45.2766,2.105847,0.105847,0.000000,0.000
45.2890,1.964347,-0.135340,0.061722,0.000
45.3756,2.106608,0.106608,0.000000,0.000
45.3776,2.106608,0.106608,0.000000,0.000
45.3783,2.106608,0.106608,0.000000,0.000
45.3788,2.106608,0.106608,0.000000,0.000
45.3885,1.953245,-0.170527,0.069051,0.000
45.4755,2.107376,0.107376,0.000000,0.000
45.4761,2.107376,0.107376,0.000000,0.000
45.4764,2.107376,0.107376,0.000000,0.000
45.4767,2.107376,0.107376,0.000000,0.000
45.4905,1.933904,-0.176668,0.057006,0.000
45.5768,2.108142,0.108142,0.000000,0.000
45.5775,2.108142,0.108142,0.000000,0.000
45.5779,2.108142,0.108142,0.000000,0.000
45.5782,2.108142,0.108142,0.000000,0.000
45.5913,1.920395,-0.201891,0.052306,0.000
45.6757,2.108910,0.108910,0.000000,0.000
45.6762,2.108910,0.108910,0.000000,0.000
45.6766,2.108910,0.108910,0.000000,0.000
45.6770,2.108910,0.108910,0.000000,0.000
45.6902,1.886860,-0.154871,0.046076,0.000
45.7750,2.109677,0.109677,0.000000,0.000
45.7755,2.109677,0.109677,0.000000,0.000
45.7758,2.109677,0.109677,0.000000,0.000
45.7760,2.109677,0.109677,0.000000,0.000
45.7932,1.897734,-0.177717,0.037522,0.000
45.8769,2.110459,0.110459,0.000000,0.000
45.8781,2.110459,0.110459,0.000000,0.000
45.8809,2.110459,0.110459,0.000000,0.000
45.8814,2.110459,0.110459,0.000000,0.000
45.8897,1.908138,-0.143610,0.062231,0.000
45.9759,2.111212,0.111212,0.000000,0.000
45.9763,2.111212,0.111212,0.000000,0.000
45.9767,2.111212,0.111212,0.000000,0.000
45.9771,2.111212,0.111212,0.000000,0.000
45.9895,1.954378,-0.129225,0.075279,0.000
46.0766,2.111978,0.111978,0.000000,0.000
46.0776,2.111978,0.111978,0.000000,0.000
46.0780,2.111978,0.111978,0.000000,0.000
46.0785,2.111978,0.111978,0.000000,0.000
46.0949,1.880772,-0.166164,0.067059,0.000
46.1751,2.112747,0.112747,0.000000,0.000
46.1756,2.112747,0.112747,0.000000,0.000
46.1759,2.112747,0.112747,0.000000,0.000
46.1762,2.112747,0.112747,0.000000,0.000
46.1901,1.883708,-0.165489,0.071824,0.000
46.2795,2.113519,0.113519,0.000000,0.000
46.2806,2.113519,0.113519,0.000000,0.000
46.2811,2.113519,0.113519,0.000000,0.000
46.2816,2.113519,0.113519,0.000000,0.000
46.2886,1.924849,-0.141960,0.075957,0.000
46.3751,2.114281,0.114281,0.000000,0.000
46.3757,2.114281,0.114281,0.000000,0.000
46.3766,2.114281,0.114281,0.000000,0.000
46.3770,2.114281,0.114281,0.000000,0.000
46.3889,1.895012,-0.161389,0.063236,0.000
46.4768,2.115053,0.115053,0.000000,0.000
46.4773,2.115053,0.115053,0.000000,0.000
46.4775,2.115053,0.115053,0.000000,0.000
46.4778,2.115053,0.115053,0.000000,0.000
46.4894,1.942654,-0.172996,0.056876,0.000
46.5758,2.115821,0.115821,0.000000,0.000
46.5763,2.115821,0.115821,0.000000,0.000
46.5774,2.115821,0.115821,0.000000,0.000
46.5779,2.115821,0.115821,0.000000,0.000
46.5892,1.884973,-0.178152,0.049526,0.000
46.6783,2.116578,0.116578,0.000000,0.000
46.6790,2.116578,0.116578,0.000000,0.000
46.6795,2.116578,0.116578,0.000000,0.000
46.6799,2.116578,0.116578,0.000000,0.000
46.6882,1.890264,-0.155961,0.060870,0.000
46.7760,2.117346,0.117346,0.000000,0.000
46.7770,2.117346,0.117346,0.000000,0.000
46.7774,2.117346,0.117346,0.000000,0.000
46.7778,2.117346,0.117346,0.000000,0.000
46.7889,1.914877,-0.144804,0.084085,0.000
46.8767,2.118121,0.118121,0.000000,0.000
46.8774,2.118121,0.118121,0.000000,0.000
46.8778,2.118121,0.118121,0.000000,0.000
46.8783,2.118121,0.118121,0.000000,0.000
46.8899,1.893173,-0.136607,0.073801,0.000
46.9823,2.118883,0.118883,0.000000,0.000
46.9832,2.118883,0.118883,0.000000,0.000
46.9848,2.118883,0.118883,0.000000,0.000
46.9888,2.118883,0.118883,0.000000,0.000
46.9898,1.899725,-0.178713,0.045335,0.000
47.0787,2.119658,0.119658,0.000000,0.000
47.0791,2.119658,0.119658,0.000000,0.000
47.0794,2.119658,0.119658,0.000000,0.000
47.0796,2.119658,0.119658,0.000000,0.000
47.0882,1.910681,-0.147790,0.047080,0.000
47.1812,2.120436,0.120436,0.000000,0.000
47.1817,2.120436,0.120436,0.000000,0.000
47.1819,2.120436,0.120436,0.000000,0.000
47.1821,2.120436,0.120436,0.000000,0.000
47.2000,1.933973,-0.168338,0.053476,0.000
47.2769,2.121180,0.121180,0.000000,0.000
47.2774,2.121180,0.121180,0.000000,0.000
47.2777,2.121180,0.121180,0.000000,0.000
47.2780,2.121180,0.121180,0.000000,0.000
47.2920,1.869165,-0.180067,0.050368,0.000
47.3757,2.121951,0.121951,0.000000,0.000
47.3763,2.121951,0.121951,0.000000,0.000
47.3767,2.121951,0.121951,0.000000,0.000
47.3770,2.121951,0.121951,0.000000,0.000
47.3902,1.921278,-0.169408,0.049188,0.000
47.4754,2.122713,0.122713,0.000000,0.000
47.4763,2.122713,0.122713,0.000000,0.000
47.4770,2.122713,0.122713,0.000000,0.000
47.4805,2.122713,0.122713,0.000000,0.000
47.4926,1.922706,-0.180918,0.053354,0.000
47.5849,2.123488,0.123488,0.000000,0.000
47.5858,2.123488,0.123488,0.000000,0.000
47.5864,2.123488,0.123488,0.000000,0.000
47.5870,2.123488,0.123488,0.000000,0.000
47.5950,1.931503,-0.192449,0.061601,0.000
47.6778,2.124270,0.124270,0.000000,0.000
47.6803,2.124270,0.124270,0.000000,0.000
47.6806,2.124270,0.124270,0.000000,0.000
47.6809,2.124270,0.124270,0.000000,0.000
47.6962,1.934835,-0.181104,0.061352,0.000
47.7762,2.125015,0.125015,0.000000,0.000
47.7769,2.125015,0.125015,0.000000,0.000
47.7772,2.125015,0.125015,0.000000,0.000
47.7775,2.125015,0.125015,0.000000,0.000
47.7903,1.862960,-0.179157,0.080498,0.000
47.8748,2.125784,0.125784,0.000000,0.000
47.8754,2.125784,0.125784,0.000000,0.000
47.8757,2.125784,0.125784,0.000000,0.000
47.8759,2.125784,0.125784,0.000000,0.000
47.8900,1.884628,-0.165665,0.079255,0.000
47.9770,2.126550,0.126550,0.000000,0.000
47.9778,2.126550,0.126550,0.000000,0.000
47.9784,2.126550,0.126550,0.000000,0.000
47.9793,2.126550,0.126550,0.000000,0.000
47.9923,1.936973,-0.170942,0.093797,0.000
48.0797,2.127315,0.127315,0.000000,0.000
48.0801,2.127315,0.127315,0.000000,0.000
48.0805,2.127315,0.127315,0.000000,0.000
48.0808,2.127315,0.127315,0.000000,0.000
48.0890,1.894063,-0.153861,0.078620,0.000
48.1761,2.128092,0.128092,0.000000,0.000
48.1780,2.128092,0.128092,0.000000,0.000
48.1784,2.128092,0.128092,0.000000,0.000
48.1786,2.128092,0.128092,0.000000,0.000
48.1896,1.873973,-0.166496,0.073018,0.000
48.2747,2.128848,0.128848,0.000000,0.000
48.2756,2.128848,0.128848,0.000000,0.000
48.2759,2.128848,0.128848,0.000000,0.000
48.2762,2.128848,0.128848,0.000000,0.000
48.2897,1.894750,-0.179191,0.077389,0.000
48.3761,2.129617,0.129617,0.000000,0.000
48.3766,2.129617,0.129617,0.000000,0.000
48.3771,2.129617,0.129617,0.000000,0.000
48.3774,2.129617,0.129617,0.000000,0.000
48.3915,1.912077,-0.167591,0.081444,0.000
48.4808,2.130390,0.130390,0.000000,0.000
48.4861,2.130390,0.130390,0.000000,0.000
48.4874,2.130390,0.130390,0.000000,0.000
48.4878,2.130390,0.130390,0.000000,0.000
48.4881,1.921135,-0.164322,0.084996,0.000
48.5768,2.131158,0.131158,0.000000,0.000
48.5781,2.131158,0.131158,0.000000,0.000
48.5785,2.131158,0.131158,0.000000,0.000
48.5788,2.131158,0.131158,0.000000,0.000
48.5898,1.911502,-0.178751,0.090453,0.000
48.6757,2.131918,0.131918,0.000000,0.000
48.6765,2.131918,0.131918,0.000000,0.000
48.6769,2.131918,0.131918,0.000000,0.000
48.6772,2.131918,0.131918,0.000000,0.000
48.6882,1.912228,-0.226647,0.100436,0.000
48.7750,2.132685,0.132685,0.000000,0.000
48.7763,2.132685,0.132685,0.000000,0.000
48.7777,2.132685,0.132685,0.000000,0.000
48.7781,2.132685,0.132685,0.000000,0.000
48.7913,1.899403,-0.243723,0.080077,0.000
48.8789,2.133452,0.133452,0.000000,0.000
48.8793,2.133452,0.133452,0.000000,0.000
48.8796,2.133452,0.133452,0.000000,0.000
48.8800,2.133452,0.133452,0.000000,0.000
48.8955,1.908809,-0.229727,0.080663,0.000
48.9775,2.134224,0.134224,0.000000,0.000
48.9787,2.134224,0.134224,0.000000,0.000
48.9796,2.134224,0.134224,0.000000,0.000
48.9805,2.134224,0.134224,0.000000,0.000
48.9897,1.901497,-0.246929,0.097053,0.000
49.0762,2.134983,0.134983,0.000000,0.000
49.0772,2.134983,0.134983,0.000000,0.000
49.0777,2.134983,0.134983,0.000000,0.000
49.0780,2.134983,0.134983,0.000000,0.000
49.0890,1.922447,-0.220598,0.100692,0.000
49.1757,2.135754,0.135754,0.000000,0.000
49.1763,2.135754,0.135754,0.000000,0.000
49.1766,2.135754,0.135754,0.000000,0.000
49.1769,2.135754,0.135754,0.000000,0.000
49.1898,1.906617,-0.248283,0.092300,0.000
49.2749,2.136518,0.136518,0.000000,0.000
49.2754,2.136518,0.136518,0.000000,0.000
49.2757,2.136518,0.136518,0.000000,0.000
49.2760,2.136518,0.136518,0.000000,0.000
49.2890,1.924476,-0.213584,0.118724,0.000
49.3768,2.137286,0.137286,0.000000,0.000
49.3777,2.137286,0.137286,0.000000,0.000
49.3781,2.137286,0.137286,0.000000,0.000
49.3785,2.137286,0.137286,0.000000,0.000
49.3903,1.903442,-0.222053,0.125771,0.000
49.4754,2.138055,0.138055,0.000000,0.000
49.4758,2.138055,0.138055,0.000000,0.000
49.4761,2.138055,0.138055,0.000000,0.000
49.4763,2.138055,0.138055,0.000000,0.000
49.4884,1.906715,-0.230422,0.115782,0.000
49.5749,2.138822,0.138822,0.000000,0.000
49.5754,2.138822,0.138822,0.000000,0.000
49.5760,2.138822,0.138822,0.000000,0.000
49.5763,2.138822,0.138822,0.000000,0.000
49.5902,1.905317,-0.220562,0.102617,0.000
49.6761,2.139587,0.139587,0.000000,0.000
49.6766,2.139587,0.139587,0.000000,0.000
49.6770,2.139587,0.139587,0.000000,0.000
49.6773,2.139587,0.139587,0.000000,0.000
49.6889,1.949980,-0.227989,0.085917,0.000
49.7811,2.140354,0.140354,0.000000,0.000
49.7819,2.140354,0.140354,0.000000,0.000
49.7824,2.140354,0.140354,0.000000,0.000
49.7829,2.140354,0.140354,0.000000,0.000
49.7894,2.005180,-0.281038,0.073893,0.000
49.8763,2.141122,0.141122,0.000000,0.000
49.8768,2.141122,0.141122,0.000000,0.000
49.8771,2.141122,0.141122,0.000000,0.000
49.8775,2.141122,0.141122,0.000000,0.000
49.8892,1.974679,-0.324312,0.062149,0.000
49.9771,2.141896,0.141896,0.000000,0.000
49.9779,2.141896,0.141896,0.000000,0.000
49.9783,2.141896,0.141896,0.000000,0.000
49.9786,2.141896,0.141896,0.000000,0.000
49.9925,1.967922,-0.288492,0.068229,0.000
50.0763,2.142657,0.142657,0.000000,0.000
50.0769,2.142657,0.142657,0.000000,0.000
50.0772,2.142657,0.142657,0.000000,0.000
50.0776,2.142657,0.142657,0.000000,0.000
50.0892,1.960026,-0.265805,0.050113,0.000
50.1767,2.143426,0.143426,0.000000,0.000
50.1774,2.143426,0.143426,0.000000,0.000
50.1777,2.143426,0.143426,0.000000,0.000
50.1780,2.143426,0.143426,0.000000,0.000
50.1890,1.919867,-0.265636,0.059291,0.000
50.2764,2.144187,0.144187,0.000000,0.000
50.2769,2.144187,0.144187,0.000000,0.000
50.2773,2.144187,0.144187,0.000000,0.000
50.2777,2.144187,0.144187,0.000000,0.000
50.2898,1.914808,-0.249474,0.052960,0.000
50.3748,2.144954,0.144954,0.000000,0.000
50.3762,2.144954,0.144954,0.000000,0.000
50.3765,2.144954,0.144954,0.000000,0.000
50.3768,2.144954,0.144954,0.000000,0.000
50.3890,1.912102,-0.266948,0.058320,0.000
50.4764,2.145727,0.145727,0.000000,0.000
50.4771,2.145727,0.145727,0.000000,0.000
50.4777,2.145727,0.145727,0.000000,0.000
50.4781,2.145727,0.145727,0.000000,0.000
50.4889,1.904165,-0.251903,0.066966,0.000
50.5756,2.146492,0.146492,0.000000,0.000
50.5763,2.146492,0.146492,0.000000,0.000
50.5768,2.146492,0.146492,0.000000,0.000
50.5785,2.146492,0.146492,0.000000,0.000
50.5904,1.897199,-0.261541,0.078096,0.000
50.6751,2.147258,0.147258,0.000000,0.000
50.6758,2.147258,0.147258,0.000000,0.000
50.6761,2.147258,0.147258,0.000000,0.000
50.6765,2.147258,0.147258,0.000000,0.000
50.6902,1.870099,-0.276123,0.067664,0.000
50.7755,2.148027,0.148027,0.000000,0.000
50.7763,2.148027,0.148027,0.000000,0.000
50.7768,2.148027,0.148027,0.000000,0.000
50.7772,2.148027,0.148027,0.000000,0.000
50.7886,1.865188,-0.277402,0.062801,0.000
50.8767,2.148788,0.148788,0.000000,0.000
50.8771,2.148788,0.148788,0.000000,0.000
50.8774,2.148788,0.148788,0.000000,0.000
50.8776,2.148788,0.148788,0.000000,0.000
50.8885,1.878648,-0.271205,0.052494,0.000
50.9750,2.149554,0.149554,0.000000,0.000
50.9758,2.149554,0.149554,0.000000,0.000
50.9764,2.149554,0.149554,0.000000,0.000
50.9767,2.149554,0.149554,0.000000,0.000
50.9889,1.861270,-0.266964,0.070434,0.000
51.0748,2.150322,0.150322,0.000000,0.000
51.0756,2.150322,0.150322,0.000000,0.000
51.0760,2.150322,0.150322,0.000000,0.000
51.0768,2.150322,0.150322,0.000000,0.000
51.0911,1.893255,-0.244541,0.073991,0.000
51.1772,2.151095,0.151095,0.000000,0.000
51.1778,2.151095,0.151095,0.000000,0.000
51.1781,2.151095,0.151095,0.000000,0.000
51.1785,2.151095,0.151095,0.000000,0.000
51.1895,1.887215,-0.254143,0.071185,0.000
51.2751,2.151861,0.151861,0.000000,0.000
51.2761,2.151861,0.151861,0.000000,0.000
51.2766,2.151861,0.151861,0.000000,0.000
51.2770,2.151861,0.151861,0.000000,0.000
51.2887,1.862750,-0.253106,0.078027,0.000
51.3782,2.152630,0.152630,0.000000,0.000
51.3788,2.152630,0.152630,0.000000,0.000
51.3791,2.152630,0.152630,0.000000,0.000
51.3794,2.152630,0.152630,0.000000,0.000
51.3894,1.882208,-0.234073,0.086840,0.000
51.4744,2.153389,0.153389,0.000000,0.000
51.4752,2.153389,0.153389,0.000000,0.000
51.4756,2.153389,0.153389,0.000000,0.000
51.4774,2.153389,0.153389,0.000000,0.000
51.4900,1.874916,-0.232201,0.100201,0.000
51.5764,2.154167,0.154167,0.000000,0.000
51.5768,2.154167,0.154167,0.000000,0.000
51.5770,2.154167,0.154167,0.000000,0.000
51.5794,2.154167,0.154167,0.000000,0.000
51.5904,1.904819,-0.209339,0.115981,0.000
51.6802,2.154933,0.154933,0.000000,0.000
51.6808,2.154933,0.154933,0.000000,0.000
51.6811,2.154933,0.154933,0.000000,0.000
51.6815,2.154933,0.154933,0.000000,0.000
51.6895,1.887701,-0.222618,0.110527,0.000
51.7772,2.155691,0.155691,0.000000,0.000
51.7803,2.155691,0.155691,0.000000,0.000
51.7807,2.155691,0.155691,0.000000,0.000
51.7826,2.155691,0.155691,0.000000,0.000
51.7936,1.852941,-0.217816,0.111379,0.000
51.8747,2.156458,0.156458,0.000000,0.000
51.8751,2.156458,0.156458,0.000000,0.000
51.8755,2.156458,0.156458,0.000000,0.000
51.8758,2.156458,0.156458,0.000000,0.000
51.8894,1.849911,-0.232805,0.112863,0.000
51.9758,2.157227,0.157227,0.000000,0.000
51.9762,2.157227,0.157227,0.000000,0.000
51.9764,2.157227,0.157227,0.000000,0.000
51.9767,2.157227,0.157227,0.000000,0.000
51.9892,1.828895,-0.224656,0.088467,0.000
52.0748,2.157991,0.157991,0.000000,0.000
52.0765,2.157991,0.157991,0.000000,0.000
52.0770,2.157991,0.157991,0.000000,0.000
52.0775,2.157991,0.157991,0.000000,0.000
52.0890,1.850513,-0.254329,0.068603,0.000
52.1747,2.158759,0.158759,0.000000,0.000
52.1752,2.158759,0.158759,0.000000,0.000
52.1757,2.158759,0.158759,0.000000,0.000
52.1761,2.158759,0.158759,0.000000,0.000
52.1906,1.838320,-0.256117,0.077328,0.000
52.2759,2.159527,0.159527,0.000000,0.000
52.2763,2.159527,0.159527,0.000000,0.000
52.2766,2.159527,0.159527,0.000000,0.000
52.2768,2.159527,0.159527,0.000000,0.000
52.2951,1.827328,-0.290994,0.084517,0.000
52.3752,2.160293,0.160293,0.000000,0.000
52.3760,2.160293,0.160293,0.000000,0.000
52.3764,2.160293,0.160293,0.000000,0.000
52.3767,2.160293,0.160293,0.000000,0.000
52.3890,1.841615,-0.270029,0.086994,0.000
52.4759,2.161065,0.161065,0.000000,0.000
52.4788,2.161065,0.161065,0.000000,0.000
52.4794,2.161065,0.161065,0.000000,0.000
52.4798,2.161065,0.161065,0.000000,0.000
52.4896,1.844052,-0.275619,0.104353,0.000
52.5753,2.161831,0.161831,0.000000,0.000
52.5760,2.161831,0.161831,0.000000,0.000
52.5780,2.161831,0.161831,0.000000,0.000
52.5794,2.161831,0.161831,0.000000,0.000
52.5915,1.792667,-0.272507,0.077991,0.000
52.6754,2.162591,0.162591,0.000000,0.000
52.6759,2.162591,0.162591,0.000000,0.000
52.6763,2.162591,0.162591,0.000000,0.000
52.6767,2.162591,0.162591,0.000000,0.000
52.6928,1.828730,-0.253062,0.082943,0.000
52.7743,2.163359,0.163359,0.000000,0.000
52.7749,2.163359,0.163359,0.000000,0.000
52.7752,2.163359,0.163359,0.000000,0.000
52.7756,2.163359,0.163359,0.000000,0.000
52.7890,1.883698,-0.277697,0.060229,0.000
52.8745,2.164126,0.164126,0.000000,0.000
52.8760,2.164126,0.164126,0.000000,0.000
52.8763,2.164126,0.164126,0.000000,0.000
52.8767,2.164126,0.164126,0.000000,0.000
52.8887,1.830223,-0.286725,0.097442,0.000
52.9751,2.164894,0.164894,0.000000,0.000
52.9756,2.164894,0.164894,0.000000,0.000
52.9760,2.164894,0.164894,0.000000,0.000
52.9764,2.164894,0.164894,0.000000,0.000
52.9907,1.851043,-0.306769,0.062390,0.000
53.0751,2.165665,0.165665,0.000000,0.000
53.0757,2.165665,0.165665,0.000000,0.000
53.0762,2.165665,0.165665,0.000000,0.000
53.0765,2.165665,0.165665,0.000000,0.000
53.0900,1.860020,-0.304292,0.074209,0.000
53.1752,2.166430,0.166430,0.000000,0.000
53.1765,2.166430,0.166430,0.000000,0.000
53.1769,2.166430,0.166430,0.000000,0.000
53.1772,2.166430,0.166430,0.000000,0.000
53.1891,1.844039,-0.280912,0.079666,0.000
53.2747,2.167195,0.167195,0.000000,0.000
53.2754,2.167195,0.167195,0.000000,0.000
53.2759,2.167195,0.167195,0.000000,0.000
53.2765,2.167195,0.167195,0.000000,0.000
53.2909,1.844034,-0.278123,0.060873,0.000
53.3759,2.167960,0.167960,0.000000,0.000
53.3764,2.167960,0.167960,0.000000,0.000
53.3768,2.167960,0.167960,0.000000,0.000
53.3771,2.167960,0.167960,0.000000,0.000
53.3893,1.804321,-0.270234,0.077795,0.000
53.4840,2.168728,0.168728,0.000000,0.000
53.4844,2.168728,0.168728,0.000000,0.000
53.4847,2.168728,0.168728,0.000000,0.000
53.4850,2.168728,0.168728,0.000000,0.000
53.4920,1.800973,-0.274827,0.083806,0.000
53.5863,2.169572,0.169572,0.000000,0.000
53.5867,2.169572,0.169572,0.000000,0.000
53.5872,2.169572,0.169572,0.000000,0.000
53.5875,2.169572,0.169572,0.000000,0.000
53.5883,1.792376,-0.282712,0.091761,0.000
53.6751,2.170262,0.170262,0.000000,0.000
53.6757,2.170262,0.170262,0.000000,0.000
53.6761,2.170262,0.170262,0.000000,0.000
53.6764,2.170262,0.170262,0.000000,0.000
53.6895,1.822005,-0.282241,0.114268,0.000
53.7762,2.171038,0.171038,0.000000,0.000
53.7768,2.171038,0.171038,0.000000,0.000
53.7772,2.171038,0.171038,0.000000,0.000
53.7776,2.171038,0.171038,0.000000,0.000
53.7916,1.824403,-0.330368,0.111845,0.000
53.8768,2.171809,0.171809,0.000000,0.000
53.8774,2.171809,0.171809,0.000000,0.000
53.8778,2.171809,0.171809,0.000000,0.000
53.8781,2.171809,0.171809,0.000000,0.000
53.8887,1.807184,-0.339017,0.122698,0.000
53.9747,2.172564,0.172564,0.000000,0.000
53.9752,2.172564,0.172564,0.000000,0.000
53.9769,2.172564,0.172564,0.000000,0.000
53.9773,2.172564,0.172564,0.000000,0.000
53.9904,1.812995,-0.303237,0.115871,0.000
54.0789,2.173330,0.173330,0.000000,0.000
54.0793,2.173330,0.173330,0.000000,0.000
54.0796,2.173330,0.173330,0.000000,0.000
54.0798,2.173330,0.173330,0.000000,0.000
54.0925,1.799199,-0.294236,0.097308,0.000
54.1763,2.174099,0.174099,0.000000,0.000
54.1768,2.174099,0.174099,0.000000,0.000
54.1771,2.174099,0.174099,0.000000,0.000
54.1775,2.174099,0.174099,0.000000,0.000
54.1890,1.795630,-0.267008,0.094997,0.000
54.2771,2.174875,0.174875,0.000000,0.000
54.2777,2.174875,0.174875,0.000000,0.000
54.2781,2.174875,0.174875,0.000000,0.000
54.2785,2.174875,0.174875,0.000000,0.000
54.2883,1.782586,-0.313044,0.108120,0.000
54.3746,2.175630,0.175630,0.000000,0.000
54.3760,2.175630,0.175630,0.000000,0.000
54.3765,2.175630,0.175630,0.000000,0.000
54.3770,2.175630,0.175630,0.000000,0.000
54.3892,1.810246,-0.261302,0.098210,0.000
54.4751,2.176398,0.176398,0.000000,0.000
54.4758,2.176398,0.176398,0.000000,0.000
54.4763,2.176398,0.176398,0.000000,0.000
54.4766,2.176398,0.176398,0.000000,0.000
54.4887,1.828434,-0.289785,0.112709,0.000
54.5770,2.177170,0.177170,0.000000,0.000
54.5775,2.177170,0.177170,0.000000,0.000
54.5778,2.177170,0.177170,0.000000,0.000
54.5781,2.177170,0.177170,0.000000,0.000
54.5920,1.865038,-0.254875,0.104020,0.000
54.6757,2.177933,0.177933,0.000000,0.000
54.6763,2.177933,0.177933,0.000000,0.000
54.6767,2.177933,0.177933,0.000000,0.000
54.6770,2.177933,0.177933,0.000000,0.000
54.6890,1.844796,-0.275433,0.084878,0.000
54.7768,2.178710,0.178710,0.000000,0.000
54.7774,2.178710,0.178710,0.000000,0.000
54.7780,2.178710,0.178710,0.000000,0.000
54.7784,2.178710,0.178710,0.000000,0.000
54.7894,1.855013,-0.260930,0.109999,0.000
54.8752,2.179470,0.179470,0.000000,0.000
54.8757,2.179470,0.179470,0.000000,0.000
54.8761,2.179470,0.179470,0.000000,0.000
54.8765,2.179470,0.179470,0.000000,0.000
54.8890,1.853744,-0.274135,0.115702,0.000
54.9747,2.180232,0.180232,0.000000,0.000
54.9752,2.180232,0.180232,0.000000,0.000
54.9755,2.180232,0.180232,0.000000,0.000
54.9757,2.180232,0.180232,0.000000,0.000
54.9888,1.857109,-0.249221,0.101828,0.000
55.0771,2.181002,0.181002,0.000000,0.000
55.0778,2.181002,0.181002,0.000000,0.000
55.0783,2.181002,0.181002,0.000000,0.000
55.0786,2.181002,0.181002,0.000000,0.000
55.0943,1.818631,-0.257915,0.122990,0.000
55.1751,2.181768,0.181768,0.000000,0.000
55.1754,2.181768,0.181768,0.000000,0.000
55.1757,2.181768,0.181768,0.000000,0.000
55.1759,2.181768,0.181768,0.000000,0.000
55.1890,1.784877,-0.236393,0.123875,0.000
55.2761,2.182543,0.182543,0.000000,0.000
55.2765,2.182543,0.182543,0.000000,0.000
55.2767,2.182543,0.182543,0.000000,0.000
55.2771,2.182543,0.182543,0.000000,0.000
55.2957,1.801390,-0.192529,0.116478,0.000
55.3751,2.183303,0.183303,0.000000,0.000
55.3758,2.183303,0.183303,0.000000,0.000
55.3763,2.183303,0.183303,0.000000,0.000
55.3766,2.183303,0.183303,0.000000,0.000
55.3892,1.797770,-0.210821,0.102660,0.000
55.4792,2.184067,0.184067,0.000000,0.000
55.4797,2.184067,0.184067,0.000000,0.000
55.4800,2.184067,0.184067,0.000000,0.000
55.4836,2.184067,0.184067,0.000000,0.000
55.4908,1.823655,-0.213436,0.082389,0.000
55.5748,2.184832,0.184832,0.000000,0.000
55.5752,2.184832,0.184832,0.000000,0.000
55.5755,2.184832,0.184832,0.000000,0.000
55.5758,2.184832,0.184832,0.000000,0.000
55.5888,1.822810,-0.232098,0.093201,0.000
55.6768,2.185605,0.185605,0.000000,0.000
55.6774,2.185605,0.185605,0.000000,0.000
55.6778,2.185605,0.185605,0.000000,0.000
55.6780,2.185605,0.185605,0.000000,0.000
55.6913,1.786652,-0.228979,0.102423,0.000
55.7769,2.186372,0.186372,0.000000,0.000
55.7774,2.186372,0.186372,0.000000,0.000
55.7778,2.186372,0.186372,0.000000,0.000
55.7781,2.186372,0.186372,0.000000,0.000
55.7895,1.784080,-0.255038,0.096724,0.000
55.8767,2.187143,0.187143,0.000000,0.000
55.8771,2.187143,0.187143,0.000000,0.000
55.8774,2.187143,0.187143,0.000000,0.000
55.8776,2.187143,0.187143,0.000000,0.000
55.8890,1.743719,-0.282909,0.094566,0.000
55.9771,2.187901,0.187901,0.000000,0.000
55.9777,2.187901,0.187901,0.000000,0.000
55.9781,2.187901,0.187901,0.000000,0.000
55.9789,2.187901,0.187901,0.000000,0.000
55.9984,1.743204,-0.290980,0.092764,0.000
56.0755,2.188668,0.188668,0.000000,0.000
56.0759,2.188668,0.188668,0.000000,0.000
56.0762,2.188668,0.188668,0.000000,0.000
56.0764,2.188668,0.188668,0.000000,0.000
56.0910,1.825437,-0.279998,0.082377,0.000
56.1766,2.189441,0.189441,0.000000,0.000
56.1770,2.189441,0.189441,0.000000,0.000
56.1773,2.189441,0.189441,0.000000,0.000
56.1775,2.189441,0.189441,0.000000,0.000
56.1959,1.786641,-0.291532,0.089476,0.000
56.2765,2.190206,0.190206,0.000000,0.000
56.2770,2.190206,0.190206,0.000000,0.000
56.2775,2.190206,0.190206,0.000000,0.000
56.2778,2.190206,0.190206,0.000000,0.000
56.2910,1.802300,-0.279106,0.101337,0.000
56.3788,2.190972,0.190972,0.000000,0.000
56.3793,2.190972,0.190972,0.000000,0.000
56.3796,2.190972,0.190972,0.000000,0.000
56.3799,2.190972,0.190972,0.000000,0.000
56.3894,1.800790,-0.271341,0.078158,0.000
56.4807,2.191735,0.191735,0.000000,0.000
56.4812,2.191735,0.191735,0.000000,0.000
56.4815,2.191735,0.191735,0.000000,0.000
56.4818,2.191735,0.191735,0.000000,0.000
56.4884,1.847713,-0.269874,0.073646,0.000
56.5770,2.192505,0.192505,0.000000,0.000
56.5776,2.192505,0.192505,0.000000,0.000
56.5780,2.192505,0.192505,0.000000,0.000
56.5796,2.192505,0.192505,0.000000,0.000
56.5893,1.856309,-0.257378,0.067365,0.000
56.6744,2.193269,0.193269,0.000000,0.000
56.6752,2.193269,0.193269,0.000000,0.000
56.6756,2.193269,0.193269,0.000000,0.000
56.6759,2.193269,0.193269,0.000000,0.000
56.6886,1.839541,-0.275084,0.077961,0.000
56.7761,2.194040,0.194040,0.000000,0.000
56.7767,2.194040,0.194040,0.000000,0.000
56.7771,2.194040,0.194040,0.000000,0.000
56.7775,2.194040,0.194040,0.000000,0.000
56.7913,1.819059,-0.241027,0.086468,0.000
56.8803,2.194805,0.194805,0.000000,0.000
56.8810,2.194805,0.194805,0.000000,0.000
56.8814,2.194805,0.194805,0.000000,0.000
56.8818,2.194805,0.194805,0.000000,0.000
56.8891,1.797554,-0.280846,0.073836,0.000
56.9754,2.195573,0.195573,0.000000,0.000
56.9760,2.195573,0.195573,0.000000,0.000
56.9765,2.195573,0.195573,0.000000,0.000
56.9768,2.195573,0.195573,0.000000,0.000
56.9906,1.819431,-0.282482,0.076957,0.000
57.0781,2.196338,0.196338,0.000000,0.000
57.0785,2.196338,0.196338,0.000000,0.000
57.0791,2.196338,0.196338,0.000000,0.000
57.0795,2.196338,0.196338,0.000000,0.000
57.0950,1.792029,-0.246057,0.072963,0.000
57.1749,2.197106,0.197106,0.000000,0.000
57.1762,2.197106,0.197106,0.000000,0.000
57.1767,2.197106,0.197106,0.000000,0.000
57.1771,2.197106,0.197106,0.000000,0.000
57.1911,1.800061,-0.263575,0.092106,0.000
57.2787,2.197886,0.197886,0.000000,0.000
57.2838,2.197886,0.197886,0.000000,0.000
57.2843,2.197886,0.197886,0.000000,0.000
57.2846,2.197886,0.197886,0.000000,0.000
57.2901,1.824992,-0.250932,0.095977,0.000
57.3762,2.198637,0.198637,0.000000,0.000
57.3768,2.198637,0.198637,0.000000,0.000
57.3772,2.198637,0.198637,0.000000,0.000
57.3776,2.198637,0.198637,0.000000,0.000
57.3911,1.866797,-0.272593,0.085130,0.000
57.4759,2.199406,0.199406,0.000000,0.000
57.4765,2.199406,0.199406,0.000000,0.000
57.4770,2.199406,0.199406,0.000000,0.000
57.4773,2.199406,0.199406,0.000000,0.000
57.4908,1.819308,-0.283459,0.095164,0.000
57.5759,2.200172,0.200172,0.000000,0.000
57.5788,2.200172,0.200172,0.000000,0.000
57.5794,2.200172,0.200172,0.000000,0.000
57.5803,2.200172,0.200172,0.000000,0.000
57.5902,1.869752,-0.256036,0.080033,0.000
57.6749,2.200939,0.200939,0.000000,0.000
57.6766,2.200939,0.200939,0.000000,0.000
57.6770,2.200939,0.200939,0.000000,0.000
57.6774,2.200939,0.200939,0.000000,0.000
57.6899,1.822548,-0.271897,0.086966,0.000
57.7763,2.201717,0.201717,0.000000,0.000
57.7768,2.201717,0.201717,0.000000,0.000
57.7779,2.201717,0.201717,0.000000,0.000
57.7783,2.201717,0.201717,0.000000,0.000
57.7903,1.858717,-0.257911,0.098264,0.000
57.8760,2.202481,0.202481,0.000000,0.000
57.8790,2.202481,0.202481,0.000000,0.000
57.8797,2.202481,0.202481,0.000000,0.000
57.8802,2.202481,0.202481,0.000000,0.000
57.8910,1.862943,-0.230431,0.123968,0.000
57.9749,2.203239,0.203239,0.000000,0.000
57.9756,2.203239,0.203239,0.000000,0.000
57.9760,2.203239,0.203239,0.000000,0.000
57.9763,2.203239,0.203239,0.000000,0.000
57.9916,1.916957,-0.234818,0.092287,0.000
58.0757,2.204008,0.204008,0.000000,0.000
58.0762,2.204008,0.204008,0.000000,0.000
58.0766,2.204008,0.204008,0.000000,0.000
58.0770,2.204008,0.204008,0.000000,0.000
58.0910,1.868005,-0.207919,0.092131,0.000
58.1779,2.204774,0.204774,0.000000,0.000
58.1787,2.204774,0.204774,0.000000,0.000
58.1791,2.204774,0.204774,0.000000,0.000
58.1794,2.204774,0.204774,0.000000,0.000
58.1884,1.861090,-0.225267,0.100092,0.000
58.2781,2.205549,0.205549,0.000000,0.000
58.2787,2.205549,0.205549,0.000000,0.000
58.2790,2.205549,0.205549,0.000000,0.000
58.2793,2.205549,0.205549,0.000000,0.000
58.2885,1.872467,-0.219134,0.106765,0.000
58.3771,2.206306,0.206306,0.000000,0.000
58.3779,2.206306,0.206306,0.000000,0.000
58.3782,2.206306,0.206306,0.000000,0.000
58.3785,2.206306,0.206306,0.000000,0.000
58.3887,1.890416,-0.254702,0.120245,0.000
58.4753,2.207073,0.207073,0.000000,0.000
58.4759,2.207073,0.207073,0.000000,0.000
58.4763,2.207073,0.207073,0.000000,0.000
58.4766,2.207073,0.207073,0.000000,0.000
58.4885,1.905283,-0.226303,0.143786,0.000
58.5759,2.207850,0.207850,0.000000,0.000
58.5771,2.207850,0.207850,0.000000,0.000
58.5776,2.207850,0.207850,0.000000,0.000
58.5779,2.207850,0.207850,0.000000,0.000
58.5890,1.887943,-0.236129,0.160736,0.000
58.6754,2.208613,0.208613,0.000000,0.000
58.6760,2.208613,0.208613,0.000000,0.000
58.6787,2.208613,0.208613,0.000000,0.000
58.6824,2.208613,0.208613,0.000000,0.000
58.6897,1.890723,-0.261140,0.139925,0.000
58.7762,2.209379,0.209379,0.000000,0.000
58.7769,2.209379,0.209379,0.000000,0.000
58.7773,2.209379,0.209379,0.000000,0.000
58.7776,2.209379,0.209379,0.000000,0.000
58.7908,1.885396,-0.237716,0.101510,0.000
58.8745,2.210141,0.210141,0.000000,0.000
58.8750,2.210141,0.210141,0.000000,0.000
58.8753,2.210141,0.210141,0.000000,0.000
58.8756,2.210141,0.210141,0.000000,0.000
58.8884,1.911295,-0.246177,0.118967,0.000
58.9755,2.210908,0.210908,0.000000,0.000
58.9759,2.210908,0.210908,0.000000,0.000
58.9762,2.210908,0.210908,0.000000,0.000
58.9776,2.210908,0.210908,0.000000,0.000
58.9901,1.929330,-0.222413,0.127563,0.000
59.0751,2.211678,0.211678,0.000000,0.000
59.0755,2.211678,0.211678,0.000000,0.000
59.0764,2.211678,0.211678,0.000000,0.000
59.0767,2.211678,0.211678,0.000000,0.000
59.0920,1.918001,-0.230168,0.137866,0.000
59.1760,2.212446,0.212446,0.000000,0.000
59.1793,2.212446,0.212446,0.000000,0.000
59.1807,2.212446,0.212446,0.000000,0.000
59.1828,2.212446,0.212446,0.000000,0.000
59.1884,1.920008,-0.249033,0.133115,0.000
59.2750,2.213209,0.213209,0.000000,0.000
59.2756,2.213209,0.213209,0.000000,0.000
59.2767,2.213209,0.213209,0.000000,0.000
59.2794,2.213209,0.213209,0.000000,0.000
59.2894,1.900971,-0.247522,0.124801,0.000
59.3777,2.213990,0.213990,0.000000,0.000
59.3782,2.213990,0.213990,0.000000,0.000
59.3786,2.213990,0.213990,0.000000,0.000
59.3789,2.213990,0.213990,0.000000,0.000
59.3888,1.911011,-0.224358,0.115888,0.000
59.4767,2.214743,0.214743,0.000000,0.000
59.4772,2.214743,0.214743,0.000000,0.000
59.4776,2.214743,0.214743,0.000000,0.000
59.4779,2.214743,0.214743,0.000000,0.000
59.4898,1.918616,-0.227184,0.121088,0.000
59.5785,2.215534,0.215534,0.000000,0.000
59.5795,2.215534,0.215534,0.000000,0.000
59.5800,2.215534,0.215534,0.000000,0.000
59.5803,2.215534,0.215534,0.000000,0.000
59.5888,1.945400,-0.201572,0.132076,0.000
59.6760,2.216279,0.216279,0.000000,0.000
59.6767,2.216279,0.216279,0.000000,0.000
59.6771,2.216279,0.216279,0.000000,0.000
59.6774,2.216279,0.216279,0.000000,0.000
59.6894,1.897798,-0.225083,0.134821,0.000
59.7752,2.217044,0.217044,0.000000,0.000
59.7757,2.217044,0.217044,0.000000,0.000
59.7760,2.217044,0.217044,0.000000,0.000
59.7763,2.217044,0.217044,0.000000,0.000
59.7892,1.931143,-0.169367,0.135992,0.000
59.8760,2.217815,0.217815,0.000000,0.000
59.8770,2.217815,0.217815,0.000000,0.000
59.8774,2.217815,0.217815,0.000000,0.000
59.8785,2.217815,0.217815,0.000000,0.000
59.8891,1.902545,-0.205034,0.143561,0.000
59.9768,2.218587,0.218587,0.000000,0.000
59.9774,2.218587,0.218587,0.000000,0.000
59.9778,2.218587,0.218587,0.000000,0.000
59.9782,2.218587,0.218587,0.000000,0.000
59.9905,1.906719,-0.177198,0.135461,0.000
60.0766,2.219346,0.219346,0.000000,0.000
60.0773,2.219346,0.219346,0.000000,0.000
60.0777,2.219346,0.219346,0.000000,0.000
60.0782,2.219346,0.219346,0.000000,0.000
60.0899,1.905350,-0.194690,0.125792,0.000
60.1768,2.220113,0.220113,0.000000,0.000
60.1773,2.220113,0.220113,0.000000,0.000
60.1776,2.220113,0.220113,0.000000,0.000
60.1778,2.220113,0.220113,0.000000,0.000
60.1935,1.903393,-0.183397,0.110594,0.000
60.2764,2.220877,0.220877,0.000000,0.000
60.2780,2.220877,0.220877,0.000000,0.000
60.2784,2.220877,0.220877,0.000000,0.000
60.2788,2.220877,0.220877,0.000000,0.000
60.2890,1.941259,-0.171470,0.097882,0.000
60.3753,2.221645,0.221645,0.000000,0.000
60.3758,2.221645,0.221645,0.000000,0.000
60.3760,2.221645,0.221645,0.000000,0.000
60.3764,2.221645,0.221645,0.000000,0.000
60.3894,1.959279,-0.178671,0.122466,0.000
60.4750,2.222412,0.222412,0.000000,0.000
60.4758,2.222412,0.222412,0.000000,0.000
60.4769,2.222412,0.222412,0.000000,0.000
60.4774,2.222412,0.222412,0.000000,0.000
60.4882,1.932086,-0.189380,0.124730,0.000
60.5795,2.223185,0.223185,0.000000,0.000
60.5817,2.223185,0.223185,0.000000,0.000
60.5821,2.223185,0.223185,0.000000,0.000
60.5825,2.223185,0.223185,0.000000,0.000
60.5912,1.951366,-0.187239,0.137118,0.000
60.6762,2.223949,0.223949,0.000000,0.000
60.6766,2.223949,0.223949,0.000000,0.000
60.6769,2.223949,0.223949,0.000000,0.000
60.6775,2.223949,0.223949,0.000000,0.000
60.6882,1.971629,-0.199252,0.123858,0.000
60.7755,2.224714,0.224714,0.000000,0.000
60.7760,2.224714,0.224714,0.000000,0.000
60.7763,2.224714,0.224714,0.000000,0.000
60.7767,2.224714,0.224714,0.000000,0.000
60.7906,1.981988,-0.171346,0.143571,0.000
60.8768,2.225479,0.225479,0.000000,0.000
60.8771,2.225479,0.225479,0.000000,0.000
60.8775,2.225479,0.225479,0.000000,0.000
60.8777,2.225479,0.225479,0.000000,0.000
60.8946,1.932931,-0.177199,0.143526,0.000
60.9760,2.226246,0.226246,0.000000,0.000
60.9765,2.226246,0.226246,0.000000,0.000
60.9769,2.226246,0.226246,0.000000,0.000
60.9773,2.226246,0.226246,0.000000,0.000
60.9902,1.959456,-0.150894,0.148109,0.000
61.0753,2.227014,0.227014,0.000000,0.000
61.0761,2.227014,0.227014,0.000000,0.000
61.0765,2.227014,0.227014,0.000000,0.000
61.0768,2.227014,0.227014,0.000000,0.000
61.0892,1.944773,-0.144708,0.163148,0.000
61.1751,2.227780,0.227780,0.000000,0.000
61.1755,2.227780,0.227780,0.000000,0.000
61.1759,2.227780,0.227780,0.000000,0.000
61.1764,2.227780,0.227780,0.000000,0.000
61.1895,1.937321,-0.154800,0.140973,0.000
61.2760,2.228547,0.228547,0.000000,0.000
61.2806,2.228547,0.228547,0.000000,0.000
61.2813,2.228547,0.228547,0.000000,0.000
61.2817,2.228547,0.228547,0.000000,0.000
61.2902,1.959257,-0.160048,0.147592,0.000
61.3749,2.229317,0.229317,0.000000,0.000
61.3780,2.229317,0.229317,0.000000,0.000
61.3784,2.229317,0.229317,0.000000,0.000
61.3788,2.229317,0.229317,0.000000,0.000
61.3882,1.937379,-0.177880,0.135654,0.000
61.4760,2.230089,0.230089,0.000000,0.000
61.4768,2.230089,0.230089,0.000000,0.000
61.4773,2.230089,0.230089,0.000000,0.000
61.4776,2.230089,0.230089,0.000000,0.000
61.4885,1.956605,-0.161205,0.130215,0.000
61.5793,2.230854,0.230854,0.000000,0.000
61.5803,2.230854,0.230854,0.000000,0.000
61.5808,2.230854,0.230854,0.000000,0.000
61.5811,2.230854,0.230854,0.000000,0.000
61.5883,1.940302,-0.148994,0.131388,0.000
61.6746,2.231616,0.231616,0.000000,0.000
61.6750,2.231616,0.231616,0.000000,0.000
61.6757,2.231616,0.231616,0.000000,0.000
61.6760,2.231616,0.231616,0.000000,0.000
61.6912,1.941810,-0.167969,0.133904,0.000
61.7807,2.232388,0.232388,0.000000,0.000
61.7813,2.232388,0.232388,0.000000,0.000
61.7817,2.232388,0.232388,0.000000,0.000
61.7821,2.232388,0.232388,0.000000,0.000
61.7902,1.954529,-0.189816,0.134644,0.000
61.8780,2.233148,0.233148,0.000000,0.000
61.8785,2.233148,0.233148,0.000000,0.000
61.8789,2.233148,0.233148,0.000000,0.000
61.8793,2.233148,0.233148,0.000000,0.000
61.8907,1.932872,-0.198559,0.144565,0.000
61.9759,2.233922,0.233922,0.000000,0.000
61.9765,2.233922,0.233922,0.000000,0.000
61.9769,2.233922,0.233922,0.000000,0.000
61.9772,2.233922,0.233922,0.000000,0.000
61.9889,1.939685,-0.223314,0.141752,0.000
62.0746,2.234683,0.234683,0.000000,0.000
62.0755,2.234683,0.234683,0.000000,0.000
62.0763,2.234683,0.234683,0.000000,0.000
62.0768,2.234683,0.234683,0.000000,0.000
62.0889,1.936317,-0.203020,0.148283,0.000
62.1793,2.235454,0.235454,0.000000,0.000
62.1803,2.235454,0.235454,0.000000,0.000
62.1817,2.235454,0.235454,0.000000,0.000
62.1821,2.235454,0.235454,0.000000,0.000
62.1891,1.978399,-0.209950,0.157905,0.000
62.2749,2.236220,0.236220,0.000000,0.000
62.2757,2.236220,0.236220,0.000000,0.000
62.2761,2.236220,0.236220,0.000000,0.000
62.2766,2.236220,0.236220,0.000000,0.000
62.2889,1.945318,-0.209133,0.142626,0.000
62.3756,2.236991,0.236991,0.000000,0.000
62.3765,2.236991,0.236991,0.000000,0.000
62.3769,2.236991,0.236991,0.000000,0.000
62.3772,2.236991,0.236991,0.000000,0.000
62.3886,1.959858,-0.223917,0.160456,0.000
62.4772,2.237752,0.237752,0.000000,0.000
62.4778,2.237752,0.237752,0.000000,0.000
62.4787,2.237752,0.237752,0.000000,0.000
62.4792,2.237752,0.237752,0.000000,0.000
62.4931,1.916417,-0.189332,0.145615,0.000
62.5769,2.238530,0.238530,0.000000,0.000
62.5779,2.238530,0.238530,0.000000,0.000
62.5783,2.238530,0.238530,0.000000,0.000
62.5788,2.238530,0.238530,0.000000,0.000
62.5901,1.916390,-0.219487,0.142847,0.000
62.6768,2.239288,0.239288,0.000000,0.000
62.6786,2.239288,0.239288,0.000000,0.000
62.6789,2.239288,0.239288,0.000000,0.000
62.6791,2.239288,0.239288,0.000000,0.000
62.6895,1.890657,-0.215031,0.137606,0.000
62.7754,2.240054,0.240054,0.000000,0.000
62.7759,2.240054,0.240054,0.000000,0.000
62.7763,2.240054,0.240054,0.000000,0.000
62.7785,2.240054,0.240054,0.000000,0.000
62.7933,1.897854,-0.221574,0.137982,0.000
65.2873,2.240823,0.240823,0.000000,0.000
65.2878,2.240823,0.240823,0.000000,0.000
65.2893,2.240823,0.240823,0.000000,0.000
65.2897,2.240823,0.240823,0.000000,0.000
65.3040,1.896907,-0.205626,0.132771,0.000
65.3890,2.241585,0.241585,0.000000,0.000
65.3895,2.241585,0.241585,0.000000,0.000
65.3900,2.241585,0.241585,0.000000,0.000
65.3903,2.241585,0.241585,0.000000,0.000
65.4008,1.844725,-0.256368,0.136691,0.000
65.4889,2.242353,0.242353,0.000000,0.000
65.4894,2.242353,0.242353,0.000000,0.000
65.4897,2.242353,0.242353,0.000000,0.000
65.4900,2.242353,0.242353,0.000000,0.000
65.5005,1.851354,-0.231467,0.126844,0.000
65.5866,2.243118,0.243118,0.000000,0.000
65.5870,2.243118,0.243118,0.000000,0.000
65.5874,2.243118,0.243118,0.000000,0.000
65.5878,2.243118,0.243118,0.000000,0.000
65.6017,1.876365,-0.240762,0.124672,0.000
65.6871,2.243886,0.243886,0.000000,0.000
65.6876,2.243886,0.243886,0.000000,0.000
65.6880,2.243886,0.243886,0.000000,0.000
65.6884,2.243886,0.243886,0.000000,0.000
65.7023,1.850237,-0.240784,0.121140,0.000
65.7866,2.244653,0.244653,0.000000,0.000
65.7871,2.244653,0.244653,0.000000,0.000
65.7874,2.244653,0.244653,0.000000,0.000
65.7878,2.244653,0.244653,0.000000,0.000
65.8010,1.890408,-0.219248,0.096665,0.000
65.8878,2.245424,0.245424,0.000000,0.000
65.8884,2.245424,0.245424,0.000000,0.000
65.8899,2.245424,0.245424,0.000000,0.000
65.8903,2.245424,0.245424,0.000000,0.000
65.9007,1.904994,-0.205339,0.103555,0.000
65.9890,2.246206,0.246206,0.000000,0.000
65.9895,2.246206,0.246206,0.000000,0.000
65.9899,2.246206,0.246206,0.000000,0.000
65.9907,2.246206,0.246206,0.000000,0.000
66.0008,1.901893,-0.256281,0.072635,0.000
66.0910,2.246954,0.246954,0.000000,0.000
66.0914,2.246954,0.246954,0.000000,0.000
66.0918,2.246954,0.246954,0.000000,0.000
66.0921,2.246954,0.246954,0.000000,0.000
66.1016,1.895335,-0.218808,0.071506,0.000
66.1871,2.247725,0.247725,0.000000,0.000
66.1876,2.247725,0.247725,0.000000,0.000
66.1880,2.247725,0.247725,0.000000,0.000
66.1886,2.247725,0.247725,0.000000,0.000
66.2018,1.835906,-0.255601,0.076409,0.000
66.2869,2.248487,0.248487,0.000000,0.000
66.2875,2.248487,0.248487,0.000000,0.000
66.2879,2.248487,0.248487,0.000000,0.000
66.2881,2.248487,0.248487,0.000000,0.000
66.3003,1.867158,-0.251179,0.070448,0.000
66.3870,2.249257,0.249257,0.000000,0.000
66.3874,2.249257,0.249257,0.000000,0.000
66.3878,2.249257,0.249257,0.000000,0.000
66.3882,2.249257,0.249257,0.000000,0.000
66.4015,1.808073,-0.236624,0.051596,0.000
66.4874,2.250021,0.250021,0.000000,0.000
66.4882,2.250021,0.250021,0.000000,0.000
66.4886,2.250021,0.250021,0.000000,0.000
66.4890,2.250021,0.250021,0.000000,0.000
66.5011,1.840966,-0.246242,0.057905,0.000
66.5870,2.250788,0.250788,0.000000,0.000
66.5875,2.250788,0.250788,0.000000,0.000
66.5878,2.250788,0.250788,0.000000,0.000
66.5881,2.250788,0.250788,0.000000,0.000
66.6008,1.807203,-0.248944,0.060196,0.000
66.6903,2.251557,0.251557,0.000000,0.000
66.6910,2.251557,0.251557,0.000000,0.000
66.6915,2.251557,0.251557,0.000000,0.000
66.6919,2.251557,0.251557,0.000000,0.000
66.6993,1.793602,-0.213155,0.075180,0.000
66.7878,2.252323,0.252323,0.000000,0.000
66.7885,2.252323,0.252323,0.000000,0.000
66.7890,2.252323,0.252323,0.000000,0.000
66.7893,2.252323,0.252323,0.000000,0.000
66.8017,1.818006,-0.209270,0.072752,0.000
66.8877,2.253096,0.253096,0.000000,0.000
66.8884,2.253096,0.253096,0.000000,0.000
66.8888,2.253096,0.253096,0.000000,0.000
66.8891,2.253096,0.253096,0.000000,0.000
66.8997,1.771400,-0.224449,0.048769,0.000
66.9864,2.253856,0.253856,0.000000,0.000
66.9870,2.253856,0.253856,0.000000,0.000
66.9873,2.253856,0.253856,0.000000,0.000
66.9877,2.253856,0.253856,0.000000,0.000
67.0037,1.807793,-0.223975,0.064883,0.000
67.0876,2.254627,0.254627,0.000000,0.000
67.0885,2.254627,0.254627,0.000000,0.000
67.0889,2.254627,0.254627,0.000000,0.000
67.0892,2.254627,0.254627,0.000000,0.000
67.1009,1.770361,-0.232571,0.061565,0.000
67.1867,2.255390,0.255390,0.000000,0.000
67.1886,2.255390,0.255390,0.000000,0.000
67.1892,2.255390,0.255390,0.000000,0.000
67.1896,2.255390,0.255390,0.000000,0.000
67.2008,1.726027,-0.256244,0.057900,0.000
67.2871,2.256159,0.256159,0.000000,0.000
67.2877,2.256159,0.256159,0.000000,0.000
67.2880,2.256159,0.256159,0.000000,0.000
67.2926,2.256159,0.256159,0.000000,0.000
67.3018,1.725167,-0.230354,0.056838,0.000
67.3858,2.256922,0.256922,0.000000,0.000
67.3864,2.256922,0.256922,0.000000,0.000
67.3868,2.256922,0.256922,0.000000,0.000
67.3871,2.256922,0.256922,0.000000,0.000
67.4025,1.706942,-0.233169,0.072940,0.000
67.4865,2.257690,0.257690,0.000000,0.000
67.4900,2.257690,0.257690,0.000000,0.000
67.4905,2.257690,0.257690,0.000000,0.000
67.4910,2.257690,0.257690,0.000000,0.000
67.5052,1.737156,-0.220838,0.065616,0.000
67.5881,2.258463,0.258463,0.000000,0.000
67.5887,2.258463,0.258463,0.000000,0.000
67.5899,2.258463,0.258463,0.000000,0.000
67.5908,2.258463,0.258463,0.000000,0.000
67.5999,1.791336,-0.220850,0.071159,0.000
67.6861,2.259225,0.259225,0.000000,0.000
67.6872,2.259225,0.259225,0.000000,0.000
67.6892,2.259225,0.259225,0.000000,0.000
67.6895,2.259225,0.259225,0.000000,0.000
67.7008,1.770695,-0.217020,0.099677,0.000
67.7884,2.259993,0.259993,0.000000,0.000
67.7893,2.259993,0.259993,0.000000,0.000
67.7897,2.259993,0.259993,0.000000,0.000
67.7900,2.259993,0.259993,0.000000,0.000
67.8021,1.773067,-0.209247,0.084178,0.000
67.8869,2.260761,0.260761,0.000000,0.000
67.8886,2.260761,0.260761,0.000000,0.000
67.8896,2.260761,0.260761,0.000000,0.000
67.8902,2.260761,0.260761,0.000000,0.000
67.9079,1.771329,-0.204831,0.085061,0.000
67.9871,2.261526,0.261526,0.000000,0.000
67.9905,2.261526,0.261526,0.000000,0.000
67.9909,2.261526,0.261526,0.000000,0.000
67.9913,2.261526,0.261526,0.000000,0.000
68.0033,1.782705,-0.197683,0.087359,0.000
68.0884,2.262294,0.262294,0.000000,0.000
68.0889,2.262294,0.262294,0.000000,0.000
68.0894,2.262294,0.262294,0.000000,0.000
68.0899,2.262294,0.262294,0.000000,0.000
68.1034,1.749025,-0.215804,0.112262,0.000
68.1905,2.263072,0.263072,0.000000,0.000
68.1924,2.263072,0.263072,0.000000,0.000
68.1928,2.263072,0.263072,0.000000,0.000
68.1931,2.263072,0.263072,0.000000,0.000
68.2017,1.733260,-0.207980,0.110494,0.000
68.2872,2.263830,0.263830,0.000000,0.000
68.2887,2.263830,0.263830,0.000000,0.000
68.2891,2.263830,0.263830,0.000000,0.000
68.2894,2.263830,0.263830,0.000000,0.000
68.3010,1.745529,-0.203390,0.130980,0.000
68.3882,2.264593,0.264593,0.000000,0.000
68.3889,2.264593,0.264593,0.000000,0.000
68.3892,2.264593,0.264593,0.000000,0.000
68.3895,2.264593,0.264593,0.000000,0.000
68.4010,1.762811,-0.209732,0.143356,0.000
68.4860,2.265359,0.265359,0.000000,0.000
68.4865,2.265359,0.265359,0.000000,0.000
68.4869,2.265359,0.265359,0.000000,0.000
68.4873,2.265359,0.265359,0.000000,0.000
68.5014,1.800825,-0.205952,0.157168,0.000
68.5864,2.266128,0.266128,0.000000,0.000
68.5883,2.266128,0.266128,0.000000,0.000
68.5903,2.266128,0.266128,0.000000,0.000
68.5907,2.266128,0.266128,0.000000,0.000
68.6020,1.783885,-0.209480,0.146643,0.000
68.6866,2.266897,0.266897,0.000000,0.000
68.6871,2.266897,0.266897,0.000000,0.000
68.6875,2.266897,0.266897,0.000000,0.000
68.6878,2.266897,0.266897,0.000000,0.000
68.7023,1.732727,-0.220296,0.148266,0.000
68.7888,2.267662,0.267662,0.000000,0.000
68.7893,2.267662,0.267662,0.000000,0.000
68.7897,2.267662,0.267662,0.000000,0.000
68.7906,2.267662,0.267662,0.000000,0.000
68.8021,1.769752,-0.216913,0.169431,0.000
68.8863,2.268427,0.268427,0.000000,0.000
68.8879,2.268427,0.268427,0.000000,0.000
68.8884,2.268427,0.268427,0.000000,0.000
68.8888,2.268427,0.268427,0.000000,0.000
68.9013,1.727061,-0.211794,0.164310,0.000
68.9865,2.269195,0.269195,0.000000,0.000
68.9869,2.269195,0.269195,0.000000,0.000
68.9873,2.269195,0.269195,0.000000,0.000
68.9877,2.269195,0.269195,0.000000,0.000
69.0060,1.729976,-0.232577,0.188622,0.000
69.0874,2.269964,0.269964,0.000000,0.000
69.0879,2.269964,0.269964,0.000000,0.000
69.0883,2.269964,0.269964,0.000000,0.000
69.0886,2.269964,0.269964,0.000000,0.000
69.1002,1.702962,-0.223544,0.189359,0.000
69.1893,2.270729,0.270729,0.000000,0.000
69.1909,2.270729,0.270729,0.000000,0.000
69.1913,2.270729,0.270729,0.000000,0.000
69.1916,2.270729,0.270729,0.000000,0.000
69.2008,1.721336,-0.220558,0.198285,0.000
69.2874,2.271494,0.271494,0.000000,0.000
69.2881,2.271494,0.271494,0.000000,0.000
69.2890,2.271494,0.271494,0.000000,0.000
69.2899,2.271494,0.271494,0.000000,0.000
69.3000,1.726841,-0.197327,0.199646,0.000
69.3863,2.272261,0.272261,0.000000,0.000
69.3869,2.272261,0.272261,0.000000,0.000
69.3872,2.272261,0.272261,0.000000,0.000
69.3876,2.272261,0.272261,0.000000,0.000
69.3999,1.723013,-0.220274,0.202841,0.000
69.4874,2.273029,0.273029,0.000000,0.000
69.4907,2.273029,0.273029,0.000000,0.000
69.4912,2.273029,0.273029,0.000000,0.000
69.4915,2.273029,0.273029,0.000000,0.000
69.5015,1.713131,-0.203823,0.190107,0.000
69.5868,2.273797,0.273797,0.000000,0.000
69.5875,2.273797,0.273797,0.000000,0.000
69.5881,2.273797,0.273797,0.000000,0.000
69.5885,2.273797,0.273797,0.000000,0.000
69.6044,1.723249,-0.220891,0.189012,0.000
69.6876,2.274564,0.274564,0.000000,0.000
69.6882,2.274564,0.274564,0.000000,0.000
69.6885,2.274564,0.274564,0.000000,0.000
69.6888,2.274564,0.274564,0.000000,0.000
69.7036,1.733967,-0.181985,0.184643,0.000
69.7867,2.275333,0.275333,0.000000,0.000
69.7888,2.275333,0.275333,0.000000,0.000
69.7894,2.275333,0.275333,0.000000,0.000
69.7899,2.275333,0.275333,0.000000,0.000
69.8011,1.694879,-0.220933,0.177937,0.000
69.8869,2.276097,0.276097,0.000000,0.000
69.8883,2.276097,0.276097,0.000000,0.000
69.8888,2.276097,0.276097,0.000000,0.000
69.8892,2.276097,0.276097,0.000000,0.000
69.9010,1.692731,-0.206385,0.185145,0.000
69.9879,2.276870,0.276870,0.000000,0.000
69.9884,2.276870,0.276870,0.000000,0.000
69.9887,2.276870,0.276870,0.000000,0.000
69.9891,2.276870,0.276870,0.000000,0.000
70.0019,1.678298,-0.239970,0.186131,0.000
70.0864,2.277630,0.277630,0.000000,0.000
70.0872,2.277630,0.277630,0.000000,0.000
70.0877,2.277630,0.277630,0.000000,0.000
70.0882,2.277630,0.277630,0.000000,0.000
70.1048,1.675204,-0.223376,0.169275,0.000
70.1862,2.278397,0.278397,0.000000,0.000
70.1867,2.278397,0.278397,0.000000,0.000
70.1870,2.278397,0.278397,0.000000,0.000
70.1872,2.278397,0.278397,0.000000,0.000
70.2011,1.631724,-0.238708,0.164691,0.000
70.2870,2.279168,0.279168,0.000000,0.000
70.2881,2.279168,0.279168,0.000000,0.000
70.2885,2.279168,0.279168,0.000000,0.000
70.2888,2.279168,0.279168,0.000000,0.000
70.3008,1.677842,-0.221011,0.163213,0.000
70.3866,2.279934,0.279934,0.000000,0.000
70.3871,2.279934,0.279934,0.000000,0.000
70.3874,2.279934,0.279934,0.000000,0.000
70.3877,2.279934,0.279934,0.000000,0.000
70.4006,1.642767,-0.223073,0.165881,0.000
70.4888,2.280702,0.280702,0.000000,0.000
70.4901,2.280702,0.280702,0.000000,0.000
70.4906,2.280702,0.280702,0.000000,0.000
70.4910,2.280702,0.280702,0.000000,0.000
70.4999,1.661217,-0.214198,0.154716,0.000
70.5858,2.281464,0.281464,0.000000,0.000
70.5863,2.281464,0.281464,0.000000,0.000
70.5866,2.281464,0.281464,0.000000,0.000
70.5869,2.281464,0.281464,0.000000,0.000
70.6005,1.662479,-0.192331,0.168861,0.000
70.6885,2.282232,0.282232,0.000000,0.000
70.6890,2.282232,0.282232,0.000000,0.000
70.6894,2.282232,0.282232,0.000000,0.000
70.6897,2.282232,0.282232,0.000000,0.000
70.7058,1.671153,-0.213566,0.177812,0.000
70.7860,2.282998,0.282998,0.000000,0.000
70.7865,2.282998,0.282998,0.000000,0.000
70.7869,2.282998,0.282998,0.000000,0.000
70.7872,2.282998,0.282998,0.000000,0.000
70.8014,1.682300,-0.181097,0.163490,0.000
70.8878,2.283768,0.283768,0.000000,0.000
70.8882,2.283768,0.283768,0.000000,0.000
70.8886,2.283768,0.283768,0.000000,0.000
70.8888,2.283768,0.283768,0.000000,0.000
70.9063,1.687329,-0.184253,0.147491,0.000
70.9913,2.284541,0.284541,0.000000,0.000
70.9995,2.284541,0.284541,0.000000,0.000
71.0004,2.284541,0.284541,0.000000,0.000
71.0013,2.284541,0.284541,0.000000,0.000
71.0030,1.651182,-0.203088,0.154374,0.000
71.0870,2.285299,0.285299,0.000000,0.000
71.0876,2.285299,0.285299,0.000000,0.000
71.0881,2.285299,0.285299,0.000000,0.000
71.0884,2.285299,0.285299,0.000000,0.000
71.1011,1.645410,-0.176714,0.163557,0.000
71.1939,2.286067,0.286067,0.000000,0.000
71.1948,2.286067,0.286067,0.000000,0.000
71.1952,2.286067,0.286067,0.000000,0.000
71.1955,2.286067,0.286067,0.000000,0.000
71.2005,1.650562,-0.200998,0.166371,0.000
71.2875,2.286834,0.286834,0.000000,0.000
71.2880,2.286834,0.286834,0.000000,0.000
71.2883,2.286834,0.286834,0.000000,0.000
71.2889,2.286834,0.286834,0.000000,0.000
71.3029,1.624756,-0.214526,0.170618,0.000
71.3880,2.287601,0.287601,0.000000,0.000
71.3885,2.287601,0.287601,0.000000,0.000
71.3887,2.287601,0.287601,0.000000,0.000
71.3891,2.287601,0.287601,0.000000,0.000
71.4005,1.648473,-0.207951,0.158937,0.000
71.4871,2.288373,0.288373,0.000000,0.000
71.4895,2.288373,0.288373,0.000000,0.000
71.4915,2.288373,0.288373,0.000000,0.000
71.4920,2.288373,0.288373,0.000000,0.000
71.5023,1.623421,-0.210228,0.168436,0.000
71.5898,2.289135,0.289135,0.000000,0.000
71.5904,2.289135,0.289135,0.000000,0.000
71.5908,2.289135,0.289135,0.000000,0.000
71.5911,2.289135,0.289135,0.000000,0.000
71.6004,1.637071,-0.219927,0.170767,0.000
71.6895,2.289900,0.289900,0.000000,0.000
71.6903,2.289900,0.289900,0.000000,0.000
71.6908,2.289900,0.289900,0.000000,0.000
71.6911,2.289900,0.289900,0.000000,0.000
71.7013,1.610472,-0.209451,0.177760,0.000
71.7866,2.290668,0.290668,0.000000,0.000
71.7870,2.290668,0.290668,0.000000,0.000
71.7874,2.290668,0.290668,0.000000,0.000
71.7878,2.290668,0.290668,0.000000,0.000
71.8011,1.609890,-0.253426,0.169112,0.000
71.8871,2.291436,0.291436,0.000000,0.000
71.8875,2.291436,0.291436,0.000000,0.000
71.8878,2.291436,0.291436,0.000000,0.000
71.8881,2.291436,0.291436,0.000000,0.000
71.9008,1.648553,-0.226316,0.176364,0.000
71.9866,2.292205,0.292205,0.000000,0.000
71.9872,2.292205,0.292205,0.000000,0.000
71.9876,2.292205,0.292205,0.000000,0.000
71.9880,2.292205,0.292205,0.000000,0.000
72.0068,1.655497,-0.218245,0.180087,0.000
72.0937,2.292968,0.292968,0.000000,0.000
72.0965,2.292968,0.292968,0.000000,0.000
72.0981,2.292968,0.292968,0.000000,0.000
72.0986,2.292968,0.292968,0.000000,0.000
72.1021,1.655218,-0.225057,0.162473,0.000
72.1867,2.293739,0.293739,0.000000,0.000
72.1874,2.293739,0.293739,0.000000,0.000
72.1878,2.293739,0.293739,0.000000,0.000
72.1881,2.293739,0.293739,0.000000,0.000
72.2019,1.615144,-0.248893,0.170223,0.000
72.2883,2.294505,0.294505,0.000000,0.000
72.2890,2.294505,0.294505,0.000000,0.000
72.2894,2.294505,0.294505,0.000000,0.000
72.2898,2.294505,0.294505,0.000000,0.000
72.3004,1.674208,-0.224326,0.161333,0.000
72.3885,2.295270,0.295270,0.000000,0.000
72.3891,2.295270,0.295270,0.000000,0.000
72.3895,2.295270,0.295270,0.000000,0.000
72.3898,2.295270,0.295270,0.000000,0.000
72.4013,1.678648,-0.199711,0.160700,0.000
72.4876,2.296042,0.296042,0.000000,0.000
72.4886,2.296042,0.296042,0.000000,0.000
72.4889,2.296042,0.296042,0.000000,0.000
72.4892,2.296042,0.296042,0.000000,0.000
72.5039,1.651187,-0.192671,0.175506,0.000
72.5885,2.296804,0.296804,0.000000,0.000
72.5889,2.296804,0.296804,0.000000,0.000
72.5893,2.296804,0.296804,0.000000,0.000
72.5896,2.296804,0.296804,0.000000,0.000
72.6042,1.616371,-0.212924,0.178124,0.000
72.6893,2.297574,0.297574,0.000000,0.000
72.6902,2.297574,0.297574,0.000000,0.000
72.6910,2.297574,0.297574,0.000000,0.000
72.6916,2.297574,0.297574,0.000000,0.000
72.7005,1.628703,-0.214481,0.144921,0.000
72.7873,2.298335,0.298335,0.000000,0.000
72.7880,2.298335,0.298335,0.000000,0.000
72.7883,2.298335,0.298335,0.000000,0.000
72.7886,2.298335,0.298335,0.000000,0.000
72.8020,1.575696,-0.249821,0.148366,0.000
72.8878,2.299103,0.299103,0.000000,0.000
72.8883,2.299103,0.299103,0.000000,0.000
72.8886,2.299103,0.299103,0.000000,0.000
72.8890,2.299103,0.299103,0.000000,0.000
72.9012,1.600773,-0.258065,0.160947,0.000
72.9875,2.299872,0.299872,0.000000,0.000
72.9879,2.299872,0.299872,0.000000,0.000
72.9883,2.299872,0.299872,0.000000,0.000
72.9886,2.299872,0.299872,0.000000,0.000
73.0000,1.576139,-0.269874,0.168157,0.000
73.0899,2.300641,0.300641,0.000000,0.000
73.0906,2.300641,0.300641,0.000000,0.000
73.0910,2.300641,0.300641,0.000000,0.000
73.0913,2.300641,0.300641,0.000000,0.000
73.1000,1.590076,-0.228685,0.179955,0.000
73.1865,2.301404,0.301404,0.000000,0.000
73.1869,2.301404,0.301404,0.000000,0.000
73.1871,2.301404,0.301404,0.000000,0.000
73.1874,2.301404,0.301404,0.000000,0.000
73.2011,1.553174,-0.236725,0.144057,0.000
73.2861,2.302171,0.302171,0.000000,0.000
73.2866,2.302171,0.302171,0.000000,0.000
73.2870,2.302171,0.302171,0.000000,0.000
73.2880,2.302171,0.302171,0.000000,0.000
73.3005,1.582650,-0.215079,0.151510,0.000
73.3885,2.302939,0.302939,0.000000,0.000
73.3893,2.302939,0.302939,0.000000,0.000
73.3898,2.302939,0.302939,0.000000,0.000
73.3902,2.302939,0.302939,0.000000,0.000
73.4000,1.599109,-0.211117,0.144707,0.000
73.4862,2.303706,0.303706,0.000000,0.000
73.4877,2.303706,0.303706,0.000000,0.000
73.4880,2.303706,0.303706,0.000000,0.000
73.4883,2.303706,0.303706,0.000000,0.000
73.5019,1.590266,-0.237952,0.140335,0.000
73.5882,2.304478,0.304478,0.000000,0.000
73.5889,2.304478,0.304478,0.000000,0.000
73.5928,2.304478,0.304478,0.000000,0.000
73.5932,2.304478,0.304478,0.000000,0.000
73.6008,1.582157,-0.240276,0.134983,0.000
73.6874,2.305240,0.305240,0.000000,0.000
73.6881,2.305240,0.305240,0.000000,0.000
73.6885,2.305240,0.305240,0.000000,0.000
73.6895,2.305240,0.305240,0.000000,0.000
73.7031,1.605812,-0.203388,0.158549,0.000
73.7869,2.306006,0.306006,0.000000,0.000
73.7876,2.306006,0.306006,0.000000,0.000
73.7880,2.306006,0.306006,0.000000,0.000
73.7883,2.306006,0.306006,0.000000,0.000
73.8056,1.591138,-0.205494,0.151990,0.000
73.8895,2.306766,0.306766,0.000000,0.000
73.8907,2.306766,0.306766,0.000000,0.000
73.8957,2.306766,0.306766,0.000000,0.000
73.8963,2.306766,0.306766,0.000000,0.000
73.9006,1.568547,-0.195298,0.159784,0.000
73.9887,2.306766,0.306766,0.000000,0.000
73.9917,2.306766,0.306766,0.000000,0.000
73.9925,2.306766,0.306766,0.000000,0.000
73.9934,2.306766,0.306766,0.000000,0.000
74.0005,1.601763,-0.195207,0.179552,0.000
74.0916,2.306766,0.306766,0.000000,0.000
74.0926,2.306766,0.306766,0.000000,0.000
74.0930,2.306766,0.306766,0.000000,0.000
74.0938,2.306766,0.306766,0.000000,0.000
74.1032,1.547443,-0.237932,0.155303,0.000
74.1865,2.306766,0.306766,0.000000,0.000
74.1872,2.306766,0.306766,0.000000,0.000
74.1875,2.306766,0.306766,0.000000,0.000
74.1888,2.306766,0.306766,0.000000,0.000
74.2015,1.510789,-0.254685,0.184993,0.000
74.2859,2.306766,0.306766,0.000000,0.000
74.2869,2.306766,0.306766,0.000000,0.000
74.2873,2.306766,0.306766,0.000000,0.000
74.2877,2.306766,0.306766,0.000000,0.000
74.3018,1.493205,-0.242572,0.161670,0.000
74.3868,2.306766,0.306766,0.000000,0.000
74.3871,2.306766,0.306766,0.000000,0.000
74.3874,2.306766,0.306766,0.000000,0.000
74.3876,2.306766,0.306766,0.000000,0.000
74.4030,1.484575,-0.262400,0.179010,0.000
74.4864,2.306766,0.306766,0.000000,0.000
74.4877,2.306766,0.306766,0.000000,0.000
74.4882,2.306766,0.306766,0.000000,0.000
74.4885,2.306766,0.306766,0.000000,0.000
74.4999,1.436254,-0.281379,0.173697,0.000
74.5879,2.306766,0.306766,0.000000,0.000
74.5885,2.306766,0.306766,0.000000,0.000
74.5889,2.306766,0.306766,0.000000,0.000
74.5892,2.306766,0.306766,0.000000,0.000
74.6054,1.434117,-0.275484,0.159620,0.000
74.6871,2.306766,0.306766,0.000000,0.000
74.6878,2.306766,0.306766,0.000000,0.000
74.6881,2.306766,0.306766,0.000000,0.000
74.6884,2.306766,0.306766,0.000000,0.000
74.7003,1.484485,-0.286926,0.169025,0.000
74.7892,2.306766,0.306766,0.000000,0.000
74.7917,2.306766,0.306766,0.000000,0.000
74.7922,2.306766,0.306766,0.000000,0.000
74.7926,2.306766,0.306766,0.000000,0.000
74.8008,1.499548,-0.315782,0.183953,0.000
74.8930,2.306766,0.306766,0.000000,0.000
74.8945,2.306766,0.306766,0.000000,0.000
74.8950,2.306766,0.306766,0.000000,0.000
74.8954,2.306766,0.306766,0.000000,0.000
74.9013,1.465581,-0.318894,0.178669,0.000
74.9871,2.306766,0.306766,0.000000,0.000
74.9878,2.306766,0.306766,0.000000,0.000
74.9884,2.306766,0.306766,0.000000,0.000
74.9889,2.306766,0.306766,0.000000,0.000
75.0015,1.473930,-0.298053,0.211838,0.000
75.0889,2.306766,0.306766,0.000000,0.000
75.0899,2.306766,0.306766,0.000000,0.000
75.0906,2.306766,0.306766,0.000000,0.000
75.0994,2.306766,0.306766,0.000000,0.000
75.1077,1.458259,-0.313111,0.198007,0.000
75.1867,2.306766,0.306766,0.000000,0.000
75.1872,2.306766,0.306766,0.000000,0.000
75.1876,2.306766,0.306766,0.000000,0.000
75.1889,2.306766,0.306766,0.000000,0.000
75.2014,1.454564,-0.296417,0.211588,0.000
75.2895,2.306766,0.306766,0.000000,0.000
75.2899,2.306766,0.306766,0.000000,0.000
75.2917,2.306766,0.306766,0.000000,0.000
75.2921,2.306766,0.306766,0.000000,0.000
75.3012,1.482741,-0.337020,0.201964,0.000
75.3881,2.306766,0.306766,0.000000,0.000
75.3885,2.306766,0.306766,0.000000,0.000
75.3889,2.306766,0.306766,0.000000,0.000
75.3891,2.306766,0.306766,0.000000,0.000
75.4012,1.469962,-0.295454,0.186994,0.000
75.4865,2.306766,0.306766,0.000000,0.000
75.4879,2.306766,0.306766,0.000000,0.000
75.4884,2.306766,0.306766,0.000000,0.000
75.4888,2.306766,0.306766,0.000000,0.000
75.5002,1.484116,-0.351683,0.175041,0.000
75.5885,2.306766,0.306766,0.000000,0.000
75.5930,2.306766,0.306766,0.000000,0.000
75.5940,2.306766,0.306766,0.000000,0.000
75.5946,2.306766,0.306766,0.000000,0.000
75.6015,1.511867,-0.335728,0.191111,0.000
75.6911,2.306766,0.306766,0.000000,0.000
75.6917,2.306766,0.306766,0.000000,0.000
75.6920,2.306766,0.306766,0.000000,0.000
75.6923,2.306766,0.306766,0.000000,0.000
75.7003,1.489062,-0.338437,0.155799,0.000
75.7936,2.306766,0.306766,0.000000,0.000
75.7941,2.306766,0.306766,0.000000,0.000
75.7945,2.306766,0.306766,0.000000,0.000
75.7948,2.306766,0.306766,0.000000,0.000
75.8052,1.472174,-0.346033,0.180478,0.000
75.8886,2.306766,0.306766,0.000000,0.000
75.8890,2.306766,0.306766,0.000000,0.000
75.8900,2.306766,0.306766,0.000000,0.000
75.8903,2.306766,0.306766,0.000000,0.000
75.9021,1.461463,-0.366542,0.190124,0.000
75.9873,2.306766,0.306766,0.000000,0.000
75.9879,2.306766,0.306766,0.000000,0.000
75.9883,2.306766,0.306766,0.000000,0.000
75.9886,2.306766,0.306766,0.000000,0.000
76.0011,1.473719,-0.406259,0.181079,0.000
76.0866,2.306766,0.306766,0.000000,0.000
76.0871,2.306766,0.306766,0.000000,0.000
76.0879,2.306766,0.306766,0.000000,0.000
76.0883,2.306766,0.306766,0.000000,0.000
76.1014,1.470774,-0.384180,0.203568,0.000
76.1868,2.306766,0.306766,0.000000,0.000
76.1887,2.306766,0.306766,0.000000,0.000
76.1893,2.306766,0.306766,0.000000,0.000
76.1897,2.306766,0.306766,0.000000,0.000
76.2032,1.453034,-0.387701,0.201596,0.000
76.2862,2.306766,0.306766,0.000000,0.000
76.2866,2.306766,0.306766,0.000000,0.000
76.2869,2.306766,0.306766,0.000000,0.000
76.2872,2.306766,0.306766,0.000000,0.000
76.3009,1.472793,-0.356160,0.188972,0.000
76.3891,2.306766,0.306766,0.000000,0.000
76.3896,2.306766,0.306766,0.000000,0.000
76.3900,2.306766,0.306766,0.000000,0.000
76.3903,2.306766,0.306766,0.000000,0.000
76.4004,1.427998,-0.382177,0.199000,0.000
76.4868,2.306766,0.306766,0.000000,0.000
76.4908,2.306766,0.306766,0.000000,0.000
76.4932,2.306766,0.306766,0.000000,0.000
76.4936,2.306766,0.306766,0.000000,0.000
76.5016,1.440685,-0.401301,0.206497,0.000
76.5884,2.306766,0.306766,0.000000,0.000
76.5890,2.306766,0.306766,0.000000,0.000
76.5893,2.306766,0.306766,0.000000,0.000
76.5896,2.306766,0.306766,0.000000,0.000
76.6013,1.417295,-0.413859,0.207134,0.000
76.6864,2.306766,0.306766,0.000000,0.000
76.6892,2.306766,0.306766,0.000000,0.000
76.6899,2.306766,0.306766,0.000000,0.000
76.6902,2.306766,0.306766,0.000000,0.000
76.7044,1.404782,-0.405858,0.196665,0.000
76.7871,2.306766,0.306766,0.000000,0.000
76.7877,2.306766,0.306766,0.000000,0.000
76.7880,2.306766,0.306766,0.000000,0.000
76.7883,2.306766,0.306766,0.000000,0.000
76.8017,1.399900,-0.428500,0.193257,0.000
76.8860,2.306766,0.306766,0.000000,0.000
76.8870,2.306766,0.306766,0.000000,0.000
76.8893,2.306766,0.306766,0.000000,0.000
76.8901,2.306766,0.306766,0.000000,0.000
76.9031,1.403991,-0.428802,0.214502,0.000
76.9863,2.306766,0.306766,0.000000,0.000
76.9870,2.306766,0.306766,0.000000,0.000
76.9882,2.306766,0.306766,0.000000,0.000
76.9885,2.306766,0.306766,0.000000,0.000
77.0008,1.389351,-0.422604,0.230379,0.000
77.0890,2.306766,0.306766,0.000000,0.000
77.0900,2.306766,0.306766,0.000000,0.000
77.0907,2.306766,0.306766,0.000000,0.000
77.0912,2.306766,0.306766,0.000000,0.000
77.1013,1.420782,-0.407259,0.209632,0.000
77.1874,2.306766,0.306766,0.000000,0.000
77.1883,2.306766,0.306766,0.000000,0.000
77.1888,2.306766,0.306766,0.000000,0.000
77.1893,2.306766,0.306766,0.000000,0.000
77.2015,1.457471,-0.424416,0.215299,0.000
77.2866,2.306766,0.306766,0.000000,0.000
77.2869,2.306766,0.306766,0.000000,0.000
77.2872,2.306766,0.306766,0.000000,0.000
77.2874,2.306766,0.306766,0.000000,0.000
77.3048,1.465150,-0.428189,0.212097,0.000
77.3890,2.306766,0.306766,0.000000,0.000
77.3901,2.306766,0.306766,0.000000,0.000
77.3906,2.306766,0.306766,0.000000,0.000
77.3908,2.306766,0.306766,0.000000,0.000
77.4026,1.511217,-0.400495,0.226501,0.000
77.4863,2.306766,0.306766,0.000000,0.000
77.4868,2.306766,0.306766,0.000000,0.000
77.4871,2.306766,0.306766,0.000000,0.000
77.4874,2.306766,0.306766,0.000000,0.000
77.5044,1.475452,-0.409604,0.229430,0.000
77.5870,2.306766,0.306766,0.000000,0.000
77.5882,2.306766,0.306766,0.000000,0.000
77.5887,2.306766,0.306766,0.000000,0.000
77.5890,2.306766,0.306766,0.000000,0.000
77.6011,1.488355,-0.401599,0.210744,0.000
77.6882,2.306766,0.306766,0.000000,0.000
77.6889,2.306766,0.306766,0.000000,0.000
77.6892,2.306766,0.306766,0.000000,0.000
77.6895,2.306766,0.306766,0.000000,0.000
77.7000,1.546269,-0.365822,0.218223,0.000
77.7863,2.306766,0.306766,0.000000,0.000
77.7884,2.306766,0.306766,0.000000,0.000
77.7894,2.306766,0.306766,0.000000,0.000
77.7897,2.306766,0.306766,0.000000,0.000
77.8020,1.502771,-0.408871,0.217253,0.000
77.8902,2.306766,0.306766,0.000000,0.000
77.8906,2.306766,0.306766,0.000000,0.000
77.8910,2.306766,0.306766,0.000000,0.000
77.8937,2.306766,0.306766,0.000000,0.000
77.9013,1.531329,-0.379982,0.205121,0.000
77.9876,2.306766,0.306766,0.000000,0.000
77.9883,2.306766,0.306766,0.000000,0.000
77.9888,2.306766,0.306766,0.000000,0.000
77.9892,2.306766,0.306766,0.000000,0.000
78.0011,1.478311,-0.397201,0.205152,0.000
78.0860,2.306766,0.306766,0.000000,0.000
78.0868,2.306766,0.306766,0.000000,0.000
78.0872,2.306766,0.306766,0.000000,0.000
78.0875,2.306766,0.306766,0.000000,0.000
78.1043,1.498487,-0.408752,0.194907,0.000
78.1864,2.306766,0.306766,0.000000,0.000
78.1869,2.306766,0.306766,0.000000,0.000
78.1873,2.306766,0.306766,0.000000,0.000
78.1876,2.306766,0.306766,0.000000,0.000
78.2039,1.519395,-0.390635,0.176419,0.000
78.2880,2.306766,0.306766,0.000000,0.000
78.2885,2.306766,0.306766,0.000000,0.000
78.2889,2.306766,0.306766,0.000000,0.000
78.2892,2.306766,0.306766,0.000000,0.000
78.3040,1.544608,-0.398030,0.177058,0.000
78.3864,2.306766,0.306766,0.000000,0.000
78.3870,2.306766,0.306766,0.000000,0.000
78.3873,2.306766,0.306766,0.000000,0.000
78.3876,2.306766,0.306766,0.000000,0.000
78.4025,1.537592,-0.436291,0.181540,0.000
78.4873,2.306766,0.306766,0.000000,0.000
78.4884,2.306766,0.306766,0.000000,0.000
78.4889,2.306766,0.306766,0.000000,0.000
78.4892,2.306766,0.306766,0.000000,0.000
78.5006,1.532141,-0.408858,0.189934,0.000
78.5873,2.306766,0.306766,0.000000,0.000
78.5879,2.306766,0.306766,0.000000,0.000
78.5884,2.306766,0.306766,0.000000,0.000
78.5887,2.306766,0.306766,0.000000,0.000
78.6010,1.553262,-0.407426,0.153689,0.000
78.6882,2.306766,0.306766,0.000000,0.000
78.6889,2.306766,0.306766,0.000000,0.000
78.6895,2.306766,0.306766,0.000000,0.000
78.6899,2.306766,0.306766,0.000000,0.000
78.7003,1.531451,-0.402947,0.168766,0.000
78.7879,2.306766,0.306766,0.000000,0.000
78.7888,2.306766,0.306766,0.000000,0.000
78.7891,2.306766,0.306766,0.000000,0.000
78.7895,2.306766,0.306766,0.000000,0.000
78.8023,1.532884,-0.418305,0.170267,0.000
78.8860,2.306766,0.306766,0.000000,0.000
78.8868,2.306766,0.306766,0.000000,0.000
78.8872,2.306766,0.306766,0.000000,0.000
78.8876,2.306766,0.306766,0.000000,0.000
78.9002,1.544571,-0.417093,0.165756,0.000
78.9860,2.306766,0.306766,0.000000,0.000
78.9864,2.306766,0.306766,0.000000,0.000
78.9869,2.306766,0.306766,0.000000,0.000
78.9872,2.306766,0.306766,0.000000,0.000
79.0038,1.505988,-0.426459,0.151341,0.000
79.0868,2.306766,0.306766,0.000000,0.000
79.0873,2.306766,0.306766,0.000000,0.000
79.0879,2.306766,0.306766,0.000000,0.000
79.0882,2.306766,0.306766,0.000000,0.000
79.1008,1.549426,-0.437194,0.148479,0.000
79.1868,2.306766,0.306766,0.000000,0.000
79.1886,2.306766,0.306766,0.000000,0.000
79.1891,2.306766,0.306766,0.000000,0.000
79.1906,2.306766,0.306766,0.000000,0.000
79.2015,1.531145,-0.454804,0.160089,0.000
79.2888,2.306766,0.306766,0.000000,0.000
79.2895,2.306766,0.306766,0.000000,0.000
79.2899,2.306766,0.306766,0.000000,0.000
79.2902,2.306766,0.306766,0.000000,0.000
79.2999,1.504921,-0.470799,0.158800,0.000
79.3871,2.306766,0.306766,0.000000,0.000
79.3876,2.306766,0.306766,0.000000,0.000
79.3880,2.306766,0.306766,0.000000,0.000
79.3885,2.306766,0.306766,0.000000,0.000
79.4010,1.463492,-0.448124,0.146875,0.000
79.4885,2.306766,0.306766,0.000000,0.000
79.4893,2.306766,0.306766,0.000000,0.000
79.4897,2.306766,0.306766,0.000000,0.000
79.4900,2.306766,0.306766,0.000000,0.000
79.5029,1.453368,-0.441745,0.143095,0.000
79.5874,2.306766,0.306766,0.000000,0.000
79.5881,2.306766,0.306766,0.000000,0.000
79.5885,2.306766,0.306766,0.000000,0.000
79.5910,2.306766,0.306766,0.000000,0.000
79.6005,1.443585,-0.431864,0.151696,0.000
79.6882,2.306766,0.306766,0.000000,0.000
79.6904,2.306766,0.306766,0.000000,0.000
79.6909,2.306766,0.306766,0.000000,0.000
79.6917,2.306766,0.306766,0.000000,0.000
79.7037,1.454056,-0.451292,0.175027,0.000
79.7909,2.306766,0.306766,0.000000,0.000
79.7916,2.306766,0.306766,0.000000,0.000
79.7920,2.306766,0.306766,0.000000,0.000
79.7924,2.306766,0.306766,0.000000,0.000
79.8008,1.459813,-0.447207,0.174269,0.000
79.8862,2.306766,0.306766,0.000000,0.000
79.8866,2.306766,0.306766,0.000000,0.000
79.8869,2.306766,0.306766,0.000000,0.000
79.8878,2.306766,0.306766,0.000000,0.000
79.9027,1.447877,-0.437881,0.170740,0.000
79.9874,2.306766,0.306766,0.000000,0.000
79.9879,2.306766,0.306766,0.000000,0.000
79.9886,2.306766,0.306766,0.000000,0.000
79.9890,2.306766,0.306766,0.000000,0.000
80.0010,1.441615,-0.436720,0.183370,0.000
80.0874,2.306766,0.306766,0.000000,0.000
80.0888,2.306766,0.306766,0.000000,0.000
80.0902,2.306766,0.306766,0.000000,0.000
80.0906,2.306766,0.306766,0.000000,0.000
80.0999,1.420730,-0.482145,0.149147,0.000
80.1864,2.306766,0.306766,0.000000,0.000
80.1871,2.306766,0.306766,0.000000,0.000
80.1877,2.306766,0.306766,0.000000,0.000
80.1880,2.306766,0.306766,0.000000,0.000
80.2002,1.412653,-0.451722,0.168663,0.000
80.2871,2.306766,0.306766,0.000000,0.000
80.2877,2.306766,0.306766,0.000000,0.000
80.2881,2.306766,0.306766,0.000000,0.000
80.2884,2.306766,0.306766,0.000000,0.000
80.3011,1.395920,-0.463957,0.184821,0.000
80.3867,2.306766,0.306766,0.000000,0.000
80.3873,2.306766,0.306766,0.000000,0.000
80.3921,2.306766,0.306766,0.000000,0.000
80.3926,2.306766,0.306766,0.000000,0.000
80.4026,1.387578,-0.459943,0.194256,0.000
80.4868,2.306766,0.306766,0.000000,0.000
80.4874,2.306766,0.306766,0.000000,0.000
80.4878,2.306766,0.306766,0.000000,0.000
80.4934,2.306766,0.306766,0.000000,0.000
80.5033,1.384073,-0.439610,0.204404,0.000
80.5885,2.306766,0.306766,0.000000,0.000
80.5893,2.306766,0.306766,0.000000,0.000
80.5897,2.306766,0.306766,0.000000,0.000
80.5903,2.306766,0.306766,0.000000,0.000
80.6019,1.402530,-0.441467,0.216089,0.000
80.6882,2.306766,0.306766,0.000000,0.000
80.6887,2.306766,0.306766,0.000000,0.000
80.6891,2.306766,0.306766,0.000000,0.000
80.6895,2.306766,0.306766,0.000000,0.000
80.7129,1.370484,-0.457592,0.206304,0.000
80.7867,2.306766,0.306766,0.000000,0.000
80.7872,2.306766,0.306766,0.000000,0.000
80.7875,2.306766,0.306766,0.000000,0.000
80.7878,2.306766,0.306766,0.000000,0.000
80.8017,1.416100,-0.443392,0.208519,0.000
80.8876,2.306766,0.306766,0.000000,0.000
80.8883,2.306766,0.306766,0.000000,0.000
80.8887,2.306766,0.306766,0.000000,0.000
80.8890,2.306766,0.306766,0.000000,0.000
80.9014,1.447530,-0.473530,0.211603,0.000
80.9888,2.306766,0.306766,0.000000,0.000
80.9893,2.306766,0.306766,0.000000,0.000
80.9896,2.306766,0.306766,0.000000,0.000
80.9901,2.306766,0.306766,0.000000,0.000
81.0007,1.454194,-0.454086,0.204125,0.000
81.0886,2.306766,0.306766,0.000000,0.000
81.0894,2.306766,0.306766,0.000000,0.000
81.0899,2.306766,0.306766,0.000000,0.000
81.0903,2.306766,0.306766,0.000000,0.000
81.1016,1.464142,-0.452152,0.190360,0.000
81.1861,2.306766,0.306766,0.000000,0.000
81.1866,2.306766,0.306766,0.000000,0.000
81.1874,2.306766,0.306766,0.000000,0.000
81.1878,2.306766,0.306766,0.000000,0.000
81.2007,1.449994,-0.454594,0.201257,0.000
81.2870,2.306766,0.306766,0.000000,0.000
81.2876,2.306766,0.306766,0.000000,0.000
81.2880,2.306766,0.306766,0.000000,0.000
81.2884,2.306766,0.306766,0.000000,0.000
81.3049,1.491973,-0.413540,0.201064,0.000
81.3863,2.306766,0.306766,0.000000,0.000
81.3868,2.306766,0.306766,0.000000,0.000
81.3880,2.306766,0.306766,0.000000,0.000
81.3884,2.306766,0.306766,0.000000,0.000
81.4010,1.453828,-0.433056,0.219334,0.000
81.4881,2.306766,0.306766,0.000000,0.000
81.4891,2.306766,0.306766,0.000000,0.000
81.4896,2.306766,0.306766,0.000000,0.000
81.4899,2.306766,0.306766,0.000000,0.000
81.5034,1.451891,-0.422628,0.201286,0.000
81.5865,2.306766,0.306766,0.000000,0.000
81.5870,2.306766,0.306766,0.000000,0.000
81.5873,2.306766,0.306766,0.000000,0.000
81.5879,2.306766,0.306766,0.000000,0.000
81.6056,1.438400,-0.445265,0.194180,0.000
81.6868,2.306766,0.306766,0.000000,0.000
81.6874,2.306766,0.306766,0.000000,0.000
81.6877,2.306766,0.306766,0.000000,0.000
81.6882,2.306766,0.306766,0.000000,0.000
81.7001,1.419742,-0.418228,0.181112,0.000
81.7864,2.306766,0.306766,0.000000,0.000
81.7878,2.306766,0.306766,0.000000,0.000
81.7904,2.306766,0.306766,0.000000,0.000
81.7928,2.306766,0.306766,0.000000,0.000
81.8004,1.435641,-0.421168,0.185644,0.000
81.8873,2.306766,0.306766,0.000000,0.000
81.8893,2.306766,0.306766,0.000000,0.000
81.8897,2.306766,0.306766,0.000000,0.000
81.8901,2.306766,0.306766,0.000000,0.000
81.9008,1.427379,-0.425502,0.161777,0.000
81.9881,2.306766,0.306766,0.000000,0.000
81.9886,2.306766,0.306766,0.000000,0.000
81.9889,2.306766,0.306766,0.000000,0.000
81.9893,2.306766,0.306766,0.000000,0.000
82.0001,1.459771,-0.419897,0.138784,0.000
82.0862,2.306766,0.306766,0.000000,0.000
82.0869,2.306766,0.306766,0.000000,0.000
82.0879,2.306766,0.306766,0.000000,0.000
82.0881,2.306766,0.306766,0.000000,0.000
82.1014,1.492504,-0.409355,0.154947,0.000
82.1882,2.306766,0.306766,0.000000,0.000
82.1913,2.306766,0.306766,0.000000,0.000
82.1919,2.306766,0.306766,0.000000,0.000
82.1923,2.306766,0.306766,0.000000,0.000
82.2017,1.481275,-0.436892,0.150478,0.000
82.2863,2.306766,0.306766,0.000000,0.000
82.2868,2.306766,0.306766,0.000000,0.000
82.2871,2.306766,0.306766,0.000000,0.000
82.2874,2.306766,0.306766,0.000000,0.000
82.3011,1.495151,-0.411903,0.150738,0.000
82.3903,2.306766,0.306766,0.000000,0.000
82.3910,2.306766,0.306766,0.000000,0.000
82.3916,2.306766,0.306766,0.000000,0.000
82.3919,2.306766,0.306766,0.000000,0.000
82.4012,1.490113,-0.374699,0.177970,0.000
82.4869,2.306766,0.306766,0.000000,0.000
82.4909,2.306766,0.306766,0.000000,0.000
82.4913,2.306766,0.306766,0.000000,0.000
82.4917,2.306766,0.306766,0.000000,0.000
82.5029,1.499061,-0.404755,0.170668,0.000
82.5909,2.306766,0.306766,0.000000,0.000
82.5915,2.306766,0.306766,0.000000,0.000
82.5929,2.306766,0.306766,0.000000,0.000
82.5933,2.306766,0.306766,0.000000,0.000
82.6002,1.505904,-0.386114,0.187642,0.000
82.6863,2.306766,0.306766,0.000000,0.000
82.6871,2.306766,0.306766,0.000000,0.000
82.6875,2.306766,0.306766,0.000000,0.000
82.6879,2.306766,0.306766,0.000000,0.000
82.7013,1.510916,-0.399660,0.187505,0.000
82.7864,2.306766,0.306766,0.000000,0.000
82.7895,2.306766,0.306766,0.000000,0.000
82.7899,2.306766,0.306766,0.000000,0.000
82.7903,2.306766,0.306766,0.000000,0.000
82.8054,1.525309,-0.407320,0.167475,0.000
82.8879,2.306766,0.306766,0.000000,0.000
82.8884,2.306766,0.306766,0.000000,0.000
82.8888,2.306766,0.306766,0.000000,0.000
82.8890,2.306766,0.306766,0.000000,0.000
82.9023,1.484157,-0.381184,0.156907,0.000
82.9875,2.306766,0.306766,0.000000,0.000
82.9882,2.306766,0.306766,0.000000,0.000
82.9886,2.306766,0.306766,0.000000,0.000
82.9890,2.306766,0.306766,0.000000,0.000
83.0033,1.496592,-0.410796,0.134914,0.000
83.0863,2.306766,0.306766,0.000000,0.000
83.0877,2.306766,0.306766,0.000000,0.000
83.0881,2.306766,0.306766,0.000000,0.000
83.0885,2.306766,0.306766,0.000000,0.000
83.1014,1.454137,-0.436953,0.137072,0.000
83.1865,2.306766,0.306766,0.000000,0.000
83.1871,2.306766,0.306766,0.000000,0.000
83.1874,2.306766,0.306766,0.000000,0.000
83.1877,2.306766,0.306766,0.000000,0.000
83.2046,1.519734,-0.410800,0.141057,0.000
83.2870,2.306766,0.306766,0.000000,0.000
83.2877,2.306766,0.306766,0.000000,0.000
83.2882,2.306766,0.306766,0.000000,0.000
83.2886,2.306766,0.306766,0.000000,0.000
83.3002,1.493709,-0.433096,0.138985,0.000
83.3878,2.306766,0.306766,0.000000,0.000
83.3884,2.306766,0.306766,0.000000,0.000
83.3889,2.306766,0.306766,0.000000,0.000
83.3892,2.306766,0.306766,0.000000,0.000
83.4003,1.506045,-0.432650,0.164905,0.000
83.4895,2.306766,0.306766,0.000000,0.000
83.4899,2.306766,0.306766,0.000000,0.000
83.4903,2.306766,0.306766,0.000000,0.000
83.4905,2.306766,0.306766,0.000000,0.000
83.5018,1.511170,-0.410019,0.144122,0.000
83.5867,2.306766,0.306766,0.000000,0.000
83.5879,2.306766,0.306766,0.000000,0.000
83.5883,2.306766,0.306766,0.000000,0.000
83.5886,2.306766,0.306766,0.000000,0.000
83.6019,1.499305,-0.416833,0.170208,0.000
83.6873,2.306766,0.306766,0.000000,0.000
83.6879,2.306766,0.306766,0.000000,0.000
83.6883,2.306766,0.306766,0.000000,0.000
83.6886,2.306766,0.306766,0.000000,0.000
83.7002,1.542532,-0.413703,0.155549,0.000
83.7896,2.306766,0.306766,0.000000,0.000
83.7903,2.306766,0.306766,0.000000,0.000
83.7910,2.306766,0.306766,0.000000,0.000
83.7967,2.306766,0.306766,0.000000,0.000
83.8021,1.473696,-0.429522,0.165690,0.000
83.8872,2.306766,0.306766,0.000000,0.000
83.8882,2.306766,0.306766,0.000000,0.000
83.8887,2.306766,0.306766,0.000000,0.000
83.8894,2.306766,0.306766,0.000000,0.000
83.9009,1.472130,-0.432273,0.170440,0.000
83.9891,2.306766,0.306766,0.000000,0.000
83.9897,2.306766,0.306766,0.000000,0.000
83.9902,2.306766,0.306766,0.000000,0.000
83.9906,2.306766,0.306766,0.000000,0.000
84.0008,1.482265,-0.436642,0.178242,0.000
84.0866,2.306766,0.306766,0.000000,0.000
84.0872,2.306766,0.306766,0.000000,0.000
84.0876,2.306766,0.306766,0.000000,0.000
84.0880,2.306766,0.306766,0.000000,0.000
84.1054,1.509231,-0.447013,0.203615,0.000
84.1866,2.306766,0.306766,0.000000,0.000
84.1870,2.306766,0.306766,0.000000,0.000
84.1873,2.306766,0.306766,0.000000,0.000
84.1876,2.306766,0.306766,0.000000,0.000
84.2015,1.553260,-0.435511,0.199029,0.000
84.2875,2.306766,0.306766,0.000000,0.000
84.2882,2.306766,0.306766,0.000000,0.000
84.2887,2.306766,0.306766,0.000000,0.000
84.2890,2.306766,0.306766,0.000000,0.000
84.3033,1.537757,-0.458136,0.214650,0.000
84.3872,2.306766,0.306766,0.000000,0.000
84.3879,2.306766,0.306766,0.000000,0.000
84.3883,2.306766,0.306766,0.000000,0.000
84.3886,2.306766,0.306766,0.000000,0.000
84.4010,1.575142,-0.447554,0.206557,0.000
84.4864,2.306766,0.306766,0.000000,0.000
84.4882,2.306766,0.306766,0.000000,0.000
84.4891,2.306766,0.306766,0.000000,0.000
84.4895,2.306766,0.306766,0.000000,0.000
84.5001,1.569840,-0.452275,0.228441,0.000
84.5893,2.306766,0.306766,0.000000,0.000
84.5901,2.306766,0.306766,0.000000,0.000
84.5905,2.306766,0.306766,0.000000,0.000
84.5909,2.306766,0.306766,0.000000,0.000
84.6034,1.562743,-0.456568,0.237946,0.000
84.6861,2.306766,0.306766,0.000000,0.000
84.6868,2.306766,0.306766,0.000000,0.000
84.6871,2.306766,0.306766,0.000000,0.000
84.6875,2.306766,0.306766,0.000000,0.000
84.7012,1.572257,-0.446765,0.255994,0.000
84.7864,2.306766,0.306766,0.000000,0.000
84.7868,2.306766,0.306766,0.000000,0.000
84.7872,2.306766,0.306766,0.000000,0.000
84.7878,2.306766,0.306766,0.000000,0.000
84.8015,1.582379,-0.472864,0.265487,0.000
84.8866,2.306766,0.306766,0.000000,0.000
84.8875,2.306766,0.306766,0.000000,0.000
84.8879,2.306766,0.306766,0.000000,0.000
84.8883,2.306766,0.306766,0.000000,0.000
84.9010,1.567390,-0.432638,0.246383,0.000
84.9873,2.306766,0.306766,0.000000,0.000
84.9877,2.306766,0.306766,0.000000,0.000
84.9880,2.306766,0.306766,0.000000,0.000
84.9883,2.306766,0.306766,0.000000,0.000
85.0040,1.546895,-0.461286,0.261894,0.000
85.0878,2.306766,0.306766,0.000000,0.000
85.0889,2.306766,0.306766,0.000000,0.000
85.0902,2.306766,0.306766,0.000000,0.000
85.0906,2.306766,0.306766,0.000000,0.000
85.1022,1.549116,-0.459759,0.283120,0.000
85.1915,2.306766,0.306766,0.000000,0.000
85.1920,2.306766,0.306766,0.000000,0.000
85.1922,2.306766,0.306766,0.000000,0.000
85.1925,2.306766,0.306766,0.000000,0.000
85.2007,1.575672,-0.435578,0.286003,0.000
85.2890,2.306766,0.306766,0.000000,0.000
85.2894,2.306766,0.306766,0.000000,0.000
85.2897,2.306766,0.306766,0.000000,0.000
85.2901,2.306766,0.306766,0.000000,0.000
85.3038,1.557438,-0.484248,0.285497,0.000
85.3879,2.306766,0.306766,0.000000,0.000
85.3900,2.306766,0.306766,0.000000,0.000
85.3904,2.306766,0.306766,0.000000,0.000
85.3906,2.306766,0.306766,0.000000,0.000
85.4038,1.607084,-0.466800,0.285713,0.000
85.4867,2.306766,0.306766,0.000000,0.000
85.4873,2.306766,0.306766,0.000000,0.000
85.4877,2.306766,0.306766,0.000000,0.000
85.4880,2.306766,0.306766,0.000000,0.000
85.5007,1.608811,-0.463020,0.286456,0.000
85.5863,2.306766,0.306766,0.000000,0.000
85.5867,2.306766,0.306766,0.000000,0.000
85.5870,2.306766,0.306766,0.000000,0.000
85.5874,2.306766,0.306766,0.000000,0.000
85.6046,1.576996,-0.468090,0.272850,0.000
85.6883,2.306766,0.306766,0.000000,0.000
85.6890,2.306766,0.306766,0.000000,0.000
85.6894,2.306766,0.306766,0.000000,0.000
85.6899,2.306766,0.306766,0.000000,0.000
85.7010,1.635620,-0.487688,0.274391,0.000
85.7863,2.306766,0.306766,0.000000,0.000
85.7873,2.306766,0.306766,0.000000,0.000
85.7876,2.306766,0.306766,0.000000,0.000
85.7880,2.306766,0.306766,0.000000,0.000
85.8025,1.606594,-0.464553,0.282536,0.000
85.8884,2.306766,0.306766,0.000000,0.000
85.8894,2.306766,0.306766,0.000000,0.000
85.8900,2.306766,0.306766,0.000000,0.000
85.8903,2.306766,0.306766,0.000000,0.000
85.9038,1.565700,-0.472208,0.305424,0.000
85.9881,2.306766,0.306766,0.000000,0.000
85.9889,2.306766,0.306766,0.000000,0.000
85.9895,2.306766,0.306766,0.000000,0.000
85.9899,2.306766,0.306766,0.000000,0.000
86.0009,1.633961,-0.457133,0.286082,0.000
86.0865,2.306766,0.306766,0.000000,0.000
86.0894,2.306766,0.306766,0.000000,0.000
86.0899,2.306766,0.306766,0.000000,0.000
86.0903,2.306766,0.306766,0.000000,0.000
86.1010,1.627695,-0.452921,0.288888,0.000
86.1860,2.306766,0.306766,0.000000,0.000
86.1864,2.306766,0.306766,0.000000,0.000
86.1867,2.306766,0.306766,0.000000,0.000
86.1869,2.306766,0.306766,0.000000,0.000
86.2023,1.635882,-0.463474,0.284044,0.000
86.2884,2.306766,0.306766,0.000000,0.000
86.2888,2.306766,0.306766,0.000000,0.000
86.2891,2.306766,0.306766,0.000000,0.000
86.2896,2.306766,0.306766,0.000000,0.000
86.3002,1.597585,-0.486493,0.297311,0.000
86.3872,2.306766,0.306766,0.000000,0.000
86.3877,2.306766,0.306766,0.000000,0.000
86.3880,2.306766,0.306766,0.000000,0.000
86.3887,2.306766,0.306766,0.000000,0.000
86.4043,1.625054,-0.485471,0.319573,0.000
86.4873,2.306766,0.306766,0.000000,0.000
86.4904,2.306766,0.306766,0.000000,0.000
86.4913,2.306766,0.306766,0.000000,0.000
86.4919,2.306766,0.306766,0.000000,0.000
86.5024,1.608770,-0.475493,0.307694,0.000
86.5881,2.306766,0.306766,0.000000,0.000
86.5888,2.306766,0.306766,0.000000,0.000
86.5892,2.306766,0.306766,0.000000,0.000
86.5895,2.306766,0.306766,0.000000,0.000
86.6020,1.651208,-0.478759,0.286497,0.000
86.6897,2.306766,0.306766,0.000000,0.000
86.6940,2.306766,0.306766,0.000000,0.000
86.6968,2.306766,0.306766,0.000000,0.000
86.6972,2.306766,0.306766,0.000000,0.000
86.7008,1.652252,-0.480859,0.297940,0.000
86.7871,2.306766,0.306766,0.000000,0.000
86.7878,2.306766,0.306766,0.000000,0.000
86.7882,2.306766,0.306766,0.000000,0.000
86.7885,2.306766,0.306766,0.000000,0.000
86.8002,1.593163,-0.507443,0.281143,0.000
86.8871,2.306766,0.306766,0.000000,0.000
86.8897,2.306766,0.306766,0.000000,0.000
86.8902,2.306766,0.306766,0.000000,0.000
86.8906,2.306766,0.306766,0.000000,0.000
86.9024,1.610841,-0.472772,0.310110,0.000
86.9893,2.306766,0.306766,0.000000,0.000
86.9900,2.306766,0.306766,0.000000,0.000
86.9909,2.306766,0.306766,0.000000,0.000
86.9914,2.306766,0.306766,0.000000,0.000
87.0021,1.565972,-0.505251,0.321575,0.000
87.0880,2.306766,0.306766,0.000000,0.000
87.0886,2.306766,0.306766,0.000000,0.000
87.0890,2.306766,0.306766,0.000000,0.000
87.0893,2.306766,0.306766,0.000000,0.000
87.1001,1.616573,-0.483327,0.338613,0.000
87.1886,2.306766,0.306766,0.000000,0.000
87.1894,2.306766,0.306766,0.000000,0.000
87.1898,2.306766,0.306766,0.000000,0.000
87.1902,2.306766,0.306766,0.000000,0.000
87.2022,1.580020,-0.470162,0.336946,0.000
87.2880,2.306766,0.306766,0.000000,0.000
87.2888,2.306766,0.306766,0.000000,0.000
87.2893,2.306766,0.306766,0.000000,0.000
87.2896,2.306766,0.306766,0.000000,0.000
87.3018,1.614296,-0.475810,0.347296,0.000
87.3863,2.306766,0.306766,0.000000,0.000
87.3871,2.306766,0.306766,0.000000,0.000
87.3879,2.306766,0.306766,0.000000,0.000
87.3883,2.306766,0.306766,0.000000,0.000
87.4018,1.600079,-0.458437,0.323343,0.000
87.4861,2.306766,0.306766,0.000000,0.000
87.4870,2.306766,0.306766,0.000000,0.000
87.4885,2.306766,0.306766,0.000000,0.000
87.4890,2.306766,0.306766,0.000000,0.000
87.5004,1.602196,-0.444199,0.318279,0.000
87.5889,2.306766,0.306766,0.000000,0.000
87.5900,2.306766,0.306766,0.000000,0.000
87.5905,2.306766,0.306766,0.000000,0.000
87.5908,2.306766,0.306766,0.000000,0.000
87.6025,1.629584,-0.455575,0.316218,0.000
87.6867,2.306766,0.306766,0.000000,0.000
87.6874,2.306766,0.306766,0.000000,0.000
87.6878,2.306766,0.306766,0.000000,0.000
87.6882,2.306766,0.306766,0.000000,0.000
87.7009,1.635642,-0.430897,0.301848,0.000
87.7902,2.306766,0.306766,0.000000,0.000
87.7914,2.306766,0.306766,0.000000,0.000
87.7919,2.306766,0.306766,0.000000,0.000
87.7922,2.306766,0.306766,0.000000,0.000
87.8006,1.635603,-0.423725,0.305227,0.000
87.8862,2.306766,0.306766,0.000000,0.000
87.8873,2.306766,0.306766,0.000000,0.000
87.8877,2.306766,0.306766,0.000000,0.000
87.8881,2.306766,0.306766,0.000000,0.000
87.9012,1.650795,-0.427350,0.295502,0.000
87.9869,2.306766,0.306766,0.000000,0.000
87.9877,2.306766,0.306766,0.000000,0.000
87.9924,2.306766,0.306766,0.000000,0.000
87.9927,2.306766,0.306766,0.000000,0.000
88.0024,1.657659,-0.404665,0.295894,0.000
88.0904,2.306766,0.306766,0.000000,0.000
88.0911,2.306766,0.306766,0.000000,0.000
88.0917,2.306766,0.306766,0.000000,0.000
88.0920,2.306766,0.306766,0.000000,0.000
88.1004,1.645007,-0.421999,0.313266,0.000
88.1913,2.306766,0.306766,0.000000,0.000
88.1917,2.306766,0.306766,0.000000,0.000
88.1935,2.306766,0.306766,0.000000,0.000
88.1939,2.306766,0.306766,0.000000,0.000
88.2003,1.663716,-0.432864,0.281559,0.000
88.2900,2.306766,0.306766,0.000000,0.000
88.2906,2.306766,0.306766,0.000000,0.000
88.2911,2.306766,0.306766,0.000000,0.000
88.2915,2.306766,0.306766,0.000000,0.000
88.3020,1.616544,-0.429742,0.281382,0.000
88.3902,2.306766,0.306766,0.000000,0.000
88.3914,2.306766,0.306766,0.000000,0.000
88.3919,2.306766,0.306766,0.000000,0.000
88.3923,2.306766,0.306766,0.000000,0.000
88.4012,1.617006,-0.417336,0.287268,0.000
88.4868,2.306766,0.306766,0.000000,0.000
88.4875,2.306766,0.306766,0.000000,0.000
88.4880,2.306766,0.306766,0.000000,0.000
88.4884,2.306766,0.306766,0.000000,0.000
88.5008,1.642733,-0.425159,0.287979,0.000
88.5860,2.306766,0.306766,0.000000,0.000
88.5868,2.306766,0.306766,0.000000,0.000
88.5875,2.306766,0.306766,0.000000,0.000
88.5878,2.306766,0.306766,0.000000,0.000
88.6022,1.627748,-0.439353,0.270776,0.000
88.6881,2.306766,0.306766,0.000000,0.000
88.6887,2.306766,0.306766,0.000000,0.000
88.6891,2.306766,0.306766,0.000000,0.000
88.6896,2.306766,0.306766,0.000000,0.000
88.7050,1.652354,-0.434321,0.279361,0.000
88.7872,2.306766,0.306766,0.000000,0.000
88.7876,2.306766,0.306766,0.000000,0.000
88.7879,2.306766,0.306766,0.000000,0.000
88.7883,2.306766,0.306766,0.000000,0.000
88.8003,1.643141,-0.434361,0.280866,0.000
88.8876,2.306766,0.306766,0.000000,0.000
88.8881,2.306766,0.306766,0.000000,0.000
88.8884,2.306766,0.306766,0.000000,0.000
88.8887,2.306766,0.306766,0.000000,0.000
88.9034,1.638756,-0.438678,0.266766,0.000
88.9873,2.306766,0.306766,0.000000,0.000
88.9883,2.306766,0.306766,0.000000,0.000
88.9887,2.306766,0.306766,0.000000,0.000
88.9893,2.306766,0.306766,0.000000,0.000
89.0044,1.669873,-0.436251,0.277204,0.000
89.0877,2.306766,0.306766,0.000000,0.000
89.0910,2.306766,0.306766,0.000000,0.000
89.0922,2.306766,0.306766,0.000000,0.000
89.0929,2.306766,0.306766,0.000000,0.000
89.1021,1.697509,-0.434848,0.293699,0.000
89.1905,2.306766,0.306766,0.000000,0.000
89.1913,2.306766,0.306766,0.000000,0.000
89.1918,2.306766,0.306766,0.000000,0.000
89.1921,2.306766,0.306766,0.000000,0.000
89.2002,1.667306,-0.438986,0.292439,0.000
89.2872,2.306766,0.306766,0.000000,0.000
89.2878,2.306766,0.306766,0.000000,0.000
89.2889,2.306766,0.306766,0.000000,0.000
89.2896,2.306766,0.306766,0.000000,0.000
89.3002,1.711992,-0.403669,0.290435,0.000
89.3861,2.306766,0.306766,0.000000,0.000
89.3865,2.306766,0.306766,0.000000,0.000
89.3868,2.306766,0.306766,0.000000,0.000
89.3871,2.306766,0.306766,0.000000,0.000
89.4008,1.710763,-0.416118,0.292900,0.000
89.4892,2.306766,0.306766,0.000000,0.000
89.4939,2.306766,0.306766,0.000000,0.000
89.4945,2.306766,0.306766,0.000000,0.000
89.4950,2.306766,0.306766,0.000000,0.000
89.5052,1.689420,-0.408697,0.306182,0.000
89.5868,2.306766,0.306766,0.000000,0.000
89.5874,2.306766,0.306766,0.000000,0.000
89.5893,2.306766,0.306766,0.000000,0.000
89.5928,2.306766,0.306766,0.000000,0.000
89.6019,1.697655,-0.416631,0.287836,0.000
89.6877,2.306766,0.306766,0.000000,0.000
89.6884,2.306766,0.306766,0.000000,0.000
89.6888,2.306766,0.306766,0.000000,0.000
89.6891,2.306766,0.306766,0.000000,0.000
89.7006,1.718046,-0.372802,0.286808,0.000
89.7871,2.306766,0.306766,0.000000,0.000
89.7880,2.306766,0.306766,0.000000,0.000
89.7896,2.306766,0.306766,0.000000,0.000
89.7901,2.306766,0.306766,0.000000,0.000
89.8006,1.667360,-0.414776,0.297266,0.000
89.8863,2.306766,0.306766,0.000000,0.000
89.8870,2.306766,0.306766,0.000000,0.000
89.8875,2.306766,0.306766,0.000000,0.000
89.8878,2.306766,0.306766,0.000000,0.000
89.9011,1.656129,-0.432459,0.318170,0.000
89.9875,2.306766,0.306766,0.000000,0.000
89.9939,2.306766,0.306766,0.000000,0.000
89.9945,2.306766,0.306766,0.000000,0.000
89.9949,2.306766,0.306766,0.000000,0.000
90.0001,1.642319,-0.415190,0.289283,0.000
90.0861,2.306766,0.306766,0.000000,0.000
90.0866,2.306766,0.306766,0.000000,0.000
90.0873,2.306766,0.306766,0.000000,0.000
90.0876,2.306766,0.306766,0.000000,0.000
90.1012,1.677346,-0.410870,0.301046,0.000
90.1861,2.306766,0.306766,0.000000,0.000
90.1866,2.306766,0.306766,0.000000,0.000
90.1870,2.306766,0.306766,0.000000,0.000
90.1875,2.306766,0.306766,0.000000,0.000
90.2017,1.606464,-0.425932,0.303552,0.000
90.2873,2.306766,0.306766,0.000000,0.000
90.2877,2.306766,0.306766,0.000000,0.000
90.2880,2.306766,0.306766,0.000000,0.000
90.2883,2.306766,0.306766,0.000000,0.000
90.3030,1.601620,-0.436255,0.323402,0.000
90.3870,2.306766,0.306766,0.000000,0.000
90.3878,2.306766,0.306766,0.000000,0.000
90.3881,2.306766,0.306766,0.000000,0.000
90.3888,2.306766,0.306766,0.000000,0.000
90.4041,1.617793,-0.418253,0.320229,0.000
90.4872,2.306766,0.306766,0.000000,0.000
90.4878,2.306766,0.306766,0.000000,0.000
90.4883,2.306766,0.306766,0.000000,0.000
90.4929,2.306766,0.306766,0.000000,0.000
90.5034,1.625751,-0.444406,0.316009,0.000
90.5874,2.306766,0.306766,0.000000,0.000
90.5879,2.306766,0.306766,0.000000,0.000
90.5883,2.306766,0.306766,0.000000,0.000
90.5886,2.306766,0.306766,0.000000,0.000
90.6028,1.627636,-0.391256,0.298439,0.000
90.6867,2.306766,0.306766,0.000000,0.000
90.6872,2.306766,0.306766,0.000000,0.000
90.6875,2.306766,0.306766,0.000000,0.000
90.6878,2.306766,0.306766,0.000000,0.000
90.7007,1.629792,-0.416620,0.306694,0.000
90.7896,2.306766,0.306766,0.000000,0.000
90.7902,2.306766,0.306766,0.000000,0.000
90.7905,2.306766,0.306766,0.000000,0.000
90.7909,2.306766,0.306766,0.000000,0.000
90.8040,1.658256,-0.396931,0.307146,0.000
90.8877,2.306766,0.306766,0.000000,0.000
90.8883,2.306766,0.306766,0.000000,0.000
90.8887,2.306766,0.306766,0.000000,0.000
90.8891,2.306766,0.306766,0.000000,0.000
90.9001,1.669445,-0.395377,0.291832,0.000
90.9885,2.306766,0.306766,0.000000,0.000
90.9891,2.306766,0.306766,0.000000,0.000
90.9894,2.306766,0.306766,0.000000,0.000
90.9897,2.306766,0.306766,0.000000,0.000
91.0009,1.634574,-0.383339,0.309541,0.000
91.0869,2.306766,0.306766,0.000000,0.000
91.0874,2.306766,0.306766,0.000000,0.000
91.0878,2.306766,0.306766,0.000000,0.000
91.0918,2.306766,0.306766,0.000000,0.000
91.1001,1.648445,-0.374869,0.330220,0.000
91.1879,2.306766,0.306766,0.000000,0.000
91.1885,2.306766,0.306766,0.000000,0.000
91.1889,2.306766,0.306766,0.000000,0.000
91.1893,2.306766,0.306766,0.000000,0.000
91.2028,1.726910,-0.369358,0.303731,0.000
91.2861,2.306766,0.306766,0.000000,0.000
91.2865,2.306766,0.306766,0.000000,0.000
91.2868,2.306766,0.306766,0.000000,0.000
91.2870,2.306766,0.306766,0.000000,0.000
91.3010,1.632246,-0.390239,0.306139,0.000
91.3866,2.306766,0.306766,0.000000,0.000
91.3872,2.306766,0.306766,0.000000,0.000
91.3877,2.306766,0.306766,0.000000,0.000
91.3897,2.306766,0.306766,0.000000,0.000
91.4037,1.647870,-0.397823,0.295364,0.000
91.4915,2.306766,0.306766,0.000000,0.000
91.4921,2.306766,0.306766,0.000000,0.000
91.4924,2.306766,0.306766,0.000000,0.000
91.4928,2.306766,0.306766,0.000000,0.000
91.5001,1.650133,-0.384601,0.291674,0.000
91.5887,2.306766,0.306766,0.000000,0.000
91.5892,2.306766,0.306766,0.000000,0.000
91.5895,2.306766,0.306766,0.000000,0.000
91.5899,2.306766,0.306766,0.000000,0.000
91.6013,1.681314,-0.366322,0.272760,0.000
91.6867,2.306766,0.306766,0.000000,0.000
91.6875,2.306766,0.306766,0.000000,0.000
91.6879,2.306766,0.306766,0.000000,0.000
91.6882,2.306766,0.306766,0.000000,0.000
91.7074,1.686830,-0.351597,0.274922,0.000
91.7874,2.306766,0.306766,0.000000,0.000
91.7894,2.306766,0.306766,0.000000,0.000
91.7909,2.306766,0.306766,0.000000,0.000
91.7912,2.306766,0.306766,0.000000,0.000
91.8005,1.698560,-0.353623,0.269569,0.000
91.8893,2.306766,0.306766,0.000000,0.000
91.8899,2.306766,0.306766,0.000000,0.000
91.8902,2.306766,0.306766,0.000000,0.000
91.8905,2.306766,0.306766,0.000000,0.000
91.9057,1.707650,-0.385005,0.277494,0.000
91.9891,2.306766,0.306766,0.000000,0.000
91.9899,2.306766,0.306766,0.000000,0.000
91.9903,2.306766,0.306766,0.000000,0.000
91.9906,2.306766,0.306766,0.000000,0.000
92.0002,1.690435,-0.369950,0.273950,0.000
92.0861,2.306766,0.306766,0.000000,0.000
92.0865,2.306766,0.306766,0.000000,0.000
92.0868,2.306766,0.306766,0.000000,0.000
92.0870,2.306766,0.306766,0.000000,0.000
92.1009,1.672714,-0.372429,0.300036,0.000
92.1891,2.306766,0.306766,0.000000,0.000
92.1898,2.306766,0.306766,0.000000,0.000
92.1902,2.306766,0.306766,0.000000,0.000
92.1906,2.306766,0.306766,0.000000,0.000
92.2029,1.678823,-0.369885,0.293317,0.000
92.2936,2.306766,0.306766,0.000000,0.000
92.2947,2.306766,0.306766,0.000000,0.000
92.2951,2.306766,0.306766,0.000000,0.000
92.2953,2.306766,0.306766,0.000000,0.000
92.3005,1.727765,-0.369529,0.294470,0.000
92.3884,2.306766,0.306766,0.000000,0.000
92.3907,2.306766,0.306766,0.000000,0.000
92.3911,2.306766,0.306766,0.000000,0.000
92.3916,2.306766,0.306766,0.000000,0.000
92.4044,1.658210,-0.383655,0.305286,0.000
92.4870,2.306766,0.306766,0.000000,0.000
92.4875,2.306766,0.306766,0.000000,0.000
92.4883,2.306766,0.306766,0.000000,0.000
92.4888,2.306766,0.306766,0.000000,0.000
92.5006,1.736727,-0.366804,0.298595,0.000
92.5877,2.306766,0.306766,0.000000,0.000
92.5951,2.306766,0.306766,0.000000,0.000
92.5959,2.306766,0.306766,0.000000,0.000
92.5963,2.306766,0.306766,0.000000,0.000
92.6057,1.693034,-0.377579,0.296927,0.000
92.6863,2.306766,0.306766,0.000000,0.000
92.6870,2.306766,0.306766,0.000000,0.000
92.6893,2.306766,0.306766,0.000000,0.000
92.6897,2.306766,0.306766,0.000000,0.000
92.7004,1.659529,-0.393408,0.297338,0.000
92.7863,2.306766,0.306766,0.000000,0.000
92.7886,2.306766,0.306766,0.000000,0.000
92.7895,2.306766,0.306766,0.000000,0.000
92.7903,2.306766,0.306766,0.000000,0.000
92.8007,1.689756,-0.397613,0.297742,0.000
92.8866,2.306766,0.306766,0.000000,0.000
92.8871,2.306766,0.306766,0.000000,0.000
92.8873,2.306766,0.306766,0.000000,0.000
92.8876,2.306766,0.306766,0.000000,0.000
92.9011,1.669956,-0.375412,0.319484,0.000
92.9864,2.306766,0.306766,0.000000,0.000
92.9869,2.306766,0.306766,0.000000,0.000
92.9873,2.306766,0.306766,0.000000,0.000
92.9876,2.306766,0.306766,0.000000,0.000
93.0007,1.635676,-0.415338,0.322620,0.000
93.0867,2.306766,0.306766,0.000000,0.000
93.0872,2.306766,0.306766,0.000000,0.000
93.0876,2.306766,0.306766,0.000000,0.000
93.0879,2.306766,0.306766,0.000000,0.000
93.1013,1.603108,-0.392438,0.338025,0.000
93.1869,2.306766,0.306766,0.000000,0.000
93.1874,2.306766,0.306766,0.000000,0.000
93.1878,2.306766,0.306766,0.000000,0.000
93.1881,2.306766,0.306766,0.000000,0.000
93.2022,1.629596,-0.416192,0.331995,0.000
93.2861,2.306766,0.306766,0.000000,0.000
93.2867,2.306766,0.306766,0.000000,0.000
93.2871,2.306766,0.306766,0.000000,0.000
93.2875,2.306766,0.306766,0.000000,0.000
93.3006,1.617647,-0.404608,0.335682,0.000
93.3863,2.306766,0.306766,0.000000,0.000
93.3881,2.306766,0.306766,0.000000,0.000
93.3894,2.306766,0.306766,0.000000,0.000
93.3898,2.306766,0.306766,0.000000,0.000
93.4026,1.580767,-0.396278,0.322195,0.000
93.4877,2.306766,0.306766,0.000000,0.000
93.4886,2.306766,0.306766,0.000000,0.000
93.4893,2.306766,0.306766,0.000000,0.000
93.4901,2.306766,0.306766,0.000000,0.000
93.5012,1.558649,-0.379572,0.346235,0.000
93.5877,2.306766,0.306766,0.000000,0.000
93.5912,2.306766,0.306766,0.000000,0.000
93.5917,2.306766,0.306766,0.000000,0.000
93.5922,2.306766,0.306766,0.000000,0.000
93.5999,1.599075,-0.402252,0.336990,0.000
93.6887,2.306766,0.306766,0.000000,0.000
93.6892,2.306766,0.306766,0.000000,0.000
93.6895,2.306766,0.306766,0.000000,0.000
93.6897,2.306766,0.306766,0.000000,0.000
93.7004,1.589620,-0.404639,0.354633,0.000
93.7872,2.306766,0.306766,0.000000,0.000
93.7876,2.306766,0.306766,0.000000,0.000
93.7879,2.306766,0.306766,0.000000,0.000
93.7882,2.306766,0.306766,0.000000,0.000
93.8025,1.570685,-0.384060,0.337247,0.000
93.8868,2.306766,0.306766,0.000000,0.000
93.8882,2.306766,0.306766,0.000000,0.000
93.8888,2.306766,0.306766,0.000000,0.000
93.8892,2.306766,0.306766,0.000000,0.000
93.9000,1.553067,-0.408313,0.353894,0.000
93.9865,2.306766,0.306766,0.000000,0.000
93.9871,2.306766,0.306766,0.000000,0.000
93.9886,2.306766,0.306766,0.000000,0.000
93.9892,2.306766,0.306766,0.000000,0.000
94.0015,1.551523,-0.419760,0.361302,0.000
94.0867,2.306766,0.306766,0.000000,0.000
94.0880,2.306766,0.306766,0.000000,0.000
94.0885,2.306766,0.306766,0.000000,0.000
94.0890,2.306766,0.306766,0.000000,0.000
94.1024,1.544276,-0.396849,0.359047,0.000
94.1873,2.306766,0.306766,0.000000,0.000
94.1879,2.306766,0.306766,0.000000,0.000
94.1887,2.306766,0.306766,0.000000,0.000
94.1891,2.306766,0.306766,0.000000,0.000
94.2027,1.566641,-0.388994,0.348433,0.000
94.2888,2.306766,0.306766,0.000000,0.000
94.2897,2.306766,0.306766,0.000000,0.000
94.2908,2.306766,0.306766,0.000000,0.000
94.2940,2.306766,0.306766,0.000000,0.000
94.3040,1.577491,-0.386168,0.335554,0.000
94.3867,2.306766,0.306766,0.000000,0.000
94.3874,2.306766,0.306766,0.000000,0.000
94.3877,2.306766,0.306766,0.000000,0.000
94.3880,2.306766,0.306766,0.000000,0.000
94.4008,1.548771,-0.414010,0.370984,0.000
94.4867,2.306766,0.306766,0.000000,0.000
94.4878,2.306766,0.306766,0.000000,0.000
94.4882,2.306766,0.306766,0.000000,0.000
94.4885,2.306766,0.306766,0.000000,0.000
94.5016,1.514244,-0.378891,0.391842,0.000
94.5875,2.306766,0.306766,0.000000,0.000
94.5879,2.306766,0.306766,0.000000,0.000
94.5881,2.306766,0.306766,0.000000,0.000
94.5884,2.306766,0.306766,0.000000,0.000
94.6029,1.471147,-0.395641,0.361483,0.000
94.6862,2.306766,0.306766,0.000000,0.000
94.6866,2.306766,0.306766,0.000000,0.000
94.6869,2.306766,0.306766,0.000000,0.000
94.6871,2.306766,0.306766,0.000000,0.000
94.7007,1.476673,-0.383932,0.343403,0.000
94.7873,2.306766,0.306766,0.000000,0.000
94.7878,2.306766,0.306766,0.000000,0.000
94.7883,2.306766,0.306766,0.000000,0.000
94.7887,2.306766,0.306766,0.000000,0.000
94.8038,1.430379,-0.372445,0.344566,0.000
94.8867,2.306766,0.306766,0.000000,0.000
94.8872,2.306766,0.306766,0.000000,0.000
94.8878,2.306766,0.306766,0.000000,0.000
94.8882,2.306766,0.306766,0.000000,0.000
94.9035,1.464083,-0.375556,0.358283,0.000
94.9891,2.306766,0.306766,0.000000,0.000
94.9896,2.306766,0.306766,0.000000,0.000
94.9898,2.306766,0.306766,0.000000,0.000
94.9902,2.306766,0.306766,0.000000,0.000
95.0032,1.452753,-0.348858,0.352188,0.000
95.0872,2.306766,0.306766,0.000000,0.000
95.0898,2.306766,0.306766,0.000000,0.000
95.0922,2.306766,0.306766,0.000000,0.000
95.0926,2.306766,0.306766,0.000000,0.000
97.5188,1.438744,-0.359461,0.366631,0.000
97.6093,2.306766,0.306766,0.000000,0.000
97.6119,2.306766,0.306766,0.000000,0.000
97.6125,2.306766,0.306766,0.000000,0.000
97.6130,2.306766,0.306766,0.000000,0.000
97.6204,1.411350,-0.375159,0.367461,0.000
97.7069,2.306766,0.306766,0.000000,0.000
97.7078,2.306766,0.306766,0.000000,0.000
97.7095,2.306766,0.306766,0.000000,0.000
97.7100,2.306766,0.306766,0.000000,0.000
97.7190,1.444178,-0.374512,0.368205,0.000
97.8050,2.306766,0.306766,0.000000,0.000
97.8069,2.306766,0.306766,0.000000,0.000
97.8091,2.306766,0.306766,0.000000,0.000
97.8097,2.306766,0.306766,0.000000,0.000
97.8249,1.457688,-0.348049,0.396829,0.000
97.9049,2.306766,0.306766,0.000000,0.000
97.9085,2.306766,0.306766,0.000000,0.000
97.9110,2.306766,0.306766,0.000000,0.000
97.9115,2.306766,0.306766,0.000000,0.000
97.9184,1.436463,-0.389539,0.399140,0.000
98.0056,2.306766,0.306766,0.000000,0.000
98.0064,2.306766,0.306766,0.000000,0.000
98.0068,2.306766,0.306766,0.000000,0.000
98.0071,2.306766,0.306766,0.000000,0.000
98.0205,1.390429,-0.370556,0.394848,0.000
98.1138,2.306766,0.306766,0.000000,0.000
98.1146,2.306766,0.306766,0.000000,0.000
98.1155,2.306766,0.306766,0.000000,0.000
98.1173,2.306766,0.306766,0.000000,0.000
98.1207,1.407309,-0.390095,0.365209,0.000
98.2061,2.306766,0.306766,0.000000,0.000
98.2067,2.306766,0.306766,0.000000,0.000
98.2084,2.306766,0.306766,0.000000,0.000
98.2088,2.306766,0.306766,0.000000,0.000
98.2191,1.426633,-0.401003,0.358533,0.000
98.3103,2.306766,0.306766,0.000000,0.000
98.3109,2.306766,0.306766,0.000000,0.000
98.3112,2.306766,0.306766,0.000000,0.000
98.3117,2.306766,0.306766,0.000000,0.000
98.3202,1.461804,-0.370405,0.354897,0.000
98.4043,2.306766,0.306766,0.000000,0.000
98.4047,2.306766,0.306766,0.000000,0.000
98.4051,2.306766,0.306766,0.000000,0.000
98.4054,2.306766,0.306766,0.000000,0.000
98.4194,1.399097,-0.373421,0.364155,0.000
98.5058,2.306766,0.306766,0.000000,0.000
98.5063,2.306766,0.306766,0.000000,0.000
98.5066,2.306766,0.306766,0.000000,0.000
98.5068,2.306766,0.306766,0.000000,0.000
98.5177,1.392667,-0.373925,0.373593,0.000
98.6048,2.306766,0.306766,0.000000,0.000
98.6057,2.306766,0.306766,0.000000,0.000
98.6061,2.306766,0.306766,0.000000,0.000
98.6065,2.306766,0.306766,0.000000,0.000
98.6194,1.449681,-0.368628,0.383045,0.000
98.7048,2.306766,0.306766,0.000000,0.000
98.7053,2.306766,0.306766,0.000000,0.000
98.7056,2.306766,0.306766,0.000000,0.000
98.7059,2.306766,0.306766,0.000000,0.000
98.7260,1.424336,-0.399303,0.383579,0.000
98.8043,2.306766,0.306766,0.000000,0.000
98.8048,2.306766,0.306766,0.000000,0.000
98.8050,2.306766,0.306766,0.000000,0.000
98.8053,2.306766,0.306766,0.000000,0.000
98.8195,1.418594,-0.355357,0.396146,0.000
98.9062,2.306766,0.306766,0.000000,0.000
98.9067,2.306766,0.306766,0.000000,0.000
98.9070,2.306766,0.306766,0.000000,0.000
98.9073,2.306766,0.306766,0.000000,0.000
98.9192,1.432281,-0.351518,0.403627,0.000
99.0096,2.306766,0.306766,0.000000,0.000
99.0107,2.306766,0.306766,0.000000,0.000
99.0126,2.306766,0.306766,0.000000,0.000
99.0131,2.306766,0.306766,0.000000,0.000
99.0198,1.378217,-0.340991,0.397207,0.000
99.1065,2.306766,0.306766,0.000000,0.000
99.1070,2.306766,0.306766,0.000000,0.000
99.1073,2.306766,0.306766,0.000000,0.000
99.1075,2.306766,0.306766,0.000000,0.000
99.1272,1.406871,-0.343936,0.406558,0.000
99.2050,2.306766,0.306766,0.000000,0.000
99.2056,2.306766,0.306766,0.000000,0.000
99.2059,2.306766,0.306766,0.000000,0.000
99.2062,2.306766,0.306766,0.000000,0.000
99.2200,1.435395,-0.334567,0.415318,0.000
99.3046,2.306766,0.306766,0.000000,0.000
99.3051,2.306766,0.306766,0.000000,0.000
99.3055,2.306766,0.306766,0.000000,0.000
99.3069,2.306766,0.306766,0.000000,0.000
99.3220,1.422465,-0.349439,0.414685,0.000
99.4051,2.306766,0.306766,0.000000,0.000
99.4057,2.306766,0.306766,0.000000,0.000
99.4060,2.306766,0.306766,0.000000,0.000
99.4067,2.306766,0.306766,0.000000,0.000
99.4189,1.375250,-0.378688,0.423917,0.000
99.5047,2.306766,0.306766,0.000000,0.000
99.5051,2.306766,0.306766,0.000000,0.000
99.5055,2.306766,0.306766,0.000000,0.000
99.5058,2.306766,0.306766,0.000000,0.000
99.5213,1.452448,-0.385148,0.438613,0.000
99.6052,2.306766,0.306766,0.000000,0.000
99.6057,2.306766,0.306766,0.000000,0.000
99.6061,2.306766,0.306766,0.000000,0.000
99.6067,2.306766,0.306766,0.000000,0.000
99.6186,1.442359,-0.374915,0.418204,0.000
99.7060,2.306766,0.306766,0.000000,0.000
99.7064,2.306766,0.306766,0.000000,0.000
99.7067,2.306766,0.306766,0.000000,0.000
99.7071,2.306766,0.306766,0.000000,0.000
99.7220,1.425478,-0.365889,0.437210,0.000
99.8070,2.306766,0.306766,0.000000,0.000
99.8077,2.306766,0.306766,0.000000,0.000
99.8100,2.306766,0.306766,0.000000,0.000
99.8105,2.306766,0.306766,0.000000,0.000
99.8195,1.431492,-0.356200,0.438814,0.000
99.9044,2.306766,0.306766,0.000000,0.000
99.9050,2.306766,0.306766,0.000000,0.000
99.9054,2.306766,0.306766,0.000000,0.000
99.9063,2.306766,0.306766,0.000000,0.000
99.9248,1.432065,-0.394871,0.437876,0.000
100.0062,2.306766,0.306766,0.000000,0.000
100.0066,2.306766,0.306766,0.000000,0.000
100.0069,2.306766,0.306766,0.000000,0.000
100.0072,2.306766,0.306766,0.000000,0.000
100.0186,1.416796,-0.383988,0.442892,0.000
100.1060,2.306766,0.306766,0.000000,0.000
100.1063,2.306766,0.306766,0.000000,0.000
100.1066,2.306766,0.306766,0.000000,0.000
100.1069,2.306766,0.306766,0.000000,0.000
100.1188,1.430008,-0.391467,0.423849,0.000
100.2056,2.306766,0.306766,0.000000,0.000
100.2061,2.306766,0.306766,0.000000,0.000
100.2064,2.306766,0.306766,0.000000,0.000
100.2067,2.306766,0.306766,0.000000,0.000
100.2200,1.410649,-0.392481,0.423929,0.000
100.3059,2.306766,0.306766,0.000000,0.000
100.3065,2.306766,0.306766,0.000000,0.000
100.3071,2.306766,0.306766,0.000000,0.000
100.3075,2.306766,0.306766,0.000000,0.000
100.3230,1.416219,-0.403271,0.449859,0.000
100.4055,2.306766,0.306766,0.000000,0.000
100.4064,2.306766,0.306766,0.000000,0.000
100.4067,2.306766,0.306766,0.000000,0.000
100.4070,2.306766,0.306766,0.000000,0.000
100.4208,1.366599,-0.400374,0.428490,0.000
100.5040,2.306766,0.306766,0.000000,0.000
100.5046,2.306766,0.306766,0.000000,0.000
100.5051,2.306766,0.306766,0.000000,0.000
100.5054,2.306766,0.306766,0.000000,0.000
100.5191,1.376465,-0.387026,0.427028,0.000
100.6057,2.306766,0.306766,0.000000,0.000
100.6063,2.306766,0.306766,0.000000,0.000
100.6067,2.306766,0.306766,0.000000,0.000
100.6070,2.306766,0.306766,0.000000,0.000
100.6197,1.409515,-0.404919,0.437040,0.000
100.7065,2.306766,0.306766,0.000000,0.000
100.7080,2.306766,0.306766,0.000000,0.000
100.7085,2.306766,0.306766,0.000000,0.000
100.7090,2.306766,0.306766,0.000000,0.000
100.7183,1.431857,-0.370301,0.458195,0.000
100.8049,2.306766,0.306766,0.000000,0.000
100.8054,2.306766,0.306766,0.000000,0.000
100.8058,2.306766,0.306766,0.000000,0.000
100.8061,2.306766,0.306766,0.000000,0.000
100.8185,1.457951,-0.375399,0.449404,0.000
100.9065,2.306766,0.306766,0.000000,0.000
100.9071,2.306766,0.306766,0.000000,0.000
100.9076,2.306766,0.306766,0.000000,0.000
100.9079,2.306766,0.306766,0.000000,0.000
100.9190,1.478696,-0.398412,0.439338,0.000
101.0053,2.306766,0.306766,0.000000,0.000
101.0057,2.306766,0.306766,0.000000,0.000
101.0071,2.306766,0.306766,0.000000,0.000
101.0075,2.306766,0.306766,0.000000,0.000
101.0189,1.470089,-0.376691,0.428824,0.000
101.1052,2.306766,0.306766,0.000000,0.000
101.1057,2.306766,0.306766,0.000000,0.000
101.1074,2.306766,0.306766,0.000000,0.000
101.1078,2.306766,0.306766,0.000000,0.000
101.1185,1.454738,-0.406925,0.422480,0.000
101.2054,2.306766,0.306766,0.000000,0.000
101.2060,2.306766,0.306766,0.000000,0.000
101.2064,2.306766,0.306766,0.000000,0.000
101.2068,2.306766,0.306766,0.000000,0.000
101.2203,1.532269,-0.370945,0.430753,0.000
101.3061,2.306766,0.306766,0.000000,0.000
101.3067,2.306766,0.306766,0.000000,0.000
101.3071,2.306766,0.306766,0.000000,0.000
101.3075,2.306766,0.306766,0.000000,0.000
101.3232,1.514183,-0.350441,0.462670,0.000
101.4045,2.306766,0.306766,0.000000,0.000
101.4057,2.306766,0.306766,0.000000,0.000
101.4061,2.306766,0.306766,0.000000,0.000
101.4065,2.306766,0.306766,0.000000,0.000
101.4191,1.514653,-0.335041,0.445972,0.000
101.5069,2.306766,0.306766,0.000000,0.000
101.5077,2.306766,0.306766,0.000000,0.000
101.5082,2.306766,0.306766,0.000000,0.000
101.5085,2.306766,0.306766,0.000000,0.000
101.5191,1.507436,-0.314314,0.443599,0.000
101.6047,2.306766,0.306766,0.000000,0.000
101.6053,2.306766,0.306766,0.000000,0.000
101.6057,2.306766,0.306766,0.000000,0.000
101.6110,2.306766,0.306766,0.000000,0.000
101.6185,1.523116,-0.358012,0.454188,0.000
101.7059,2.306766,0.306766,0.000000,0.000
101.7064,2.306766,0.306766,0.000000,0.000
101.7069,2.306766,0.306766,0.000000,0.000
101.7073,2.306766,0.306766,0.000000,0.000
101.7197,1.527286,-0.375623,0.438783,0.000
101.8051,2.306766,0.306766,0.000000,0.000
101.8055,2.306766,0.306766,0.000000,0.000
101.8058,2.306766,0.306766,0.000000,0.000
101.8061,2.306766,0.306766,0.000000,0.000
101.8189,1.545625,-0.339597,0.462485,0.000
101.9069,2.306766,0.306766,0.000000,0.000
101.9073,2.306766,0.306766,0.000000,0.000
101.9076,2.306766,0.306766,0.000000,0.000
101.9078,2.306766,0.306766,0.000000,0.000
101.9178,1.563769,-0.361639,0.462669,0.000
102.0069,2.306766,0.306766,0.000000,0.000
102.0073,2.306766,0.306766,0.000000,0.000
102.0077,2.306766,0.306766,0.000000,0.000
102.0082,2.306766,0.306766,0.000000,0.000
102.0189,1.579906,-0.397091,0.466824,0.000
102.1054,2.306766,0.306766,0.000000,0.000
102.1062,2.306766,0.306766,0.000000,0.000
102.1066,2.306766,0.306766,0.000000,0.000
102.1070,2.306766,0.306766,0.000000,0.000
102.1204,1.577399,-0.390376,0.464849,0.000
102.2044,2.306766,0.306766,0.000000,0.000
102.2059,2.306766,0.306766,0.000000,0.000
102.2065,2.306766,0.306766,0.000000,0.000
102.2068,2.306766,0.306766,0.000000,0.000
102.2194,1.602355,-0.398387,0.476004,0.000
102.3059,2.306766,0.306766,0.000000,0.000
102.3064,2.306766,0.306766,0.000000,0.000
102.3067,2.306766,0.306766,0.000000,0.000
102.3070,2.306766,0.306766,0.000000,0.000
102.3212,1.605780,-0.397234,0.498994,0.000
102.4046,2.306766,0.306766,0.000000,0.000
102.4052,2.306766,0.306766,0.000000,0.000
102.4057,2.306766,0.306766,0.000000,0.000
102.4060,2.306766,0.306766,0.000000,0.000
102.4189,1.556108,-0.407911,0.501540,0.000
102.5090,2.306766,0.306766,0.000000,0.000
102.5094,2.306766,0.306766,0.000000,0.000
102.5097,2.306766,0.306766,0.000000,0.000
102.5101,2.306766,0.306766,0.000000,0.000
102.5229,1.558465,-0.390220,0.490887,0.000
102.6060,2.306766,0.306766,0.000000,0.000
102.6064,2.306766,0.306766,0.000000,0.000
102.6066,2.306766,0.306766,0.000000,0.000
102.6069,2.306766,0.306766,0.000000,0.000
102.6217,1.535553,-0.384934,0.511957,0.000
102.7084,2.306766,0.306766,0.000000,0.000
102.7090,2.306766,0.306766,0.000000,0.000
102.7103,2.306766,0.306766,0.000000,0.000
102.7110,2.306766,0.306766,0.000000,0.000
102.7195,1.518527,-0.377439,0.492651,0.000
102.8056,2.306766,0.306766,0.000000,0.000
102.8061,2.306766,0.306766,0.000000,0.000
102.8065,2.306766,0.306766,0.000000,0.000
102.8069,2.306766,0.306766,0.000000,0.000
102.8239,1.539024,-0.351853,0.507410,0.000
102.9052,2.306766,0.306766,0.000000,0.000
102.9056,2.306766,0.306766,0.000000,0.000
102.9059,2.306766,0.306766,0.000000,0.000
102.9061,2.306766,0.306766,0.000000,0.000
102.9215,1.593684,-0.339267,0.498607,0.000
103.0060,2.306766,0.306766,0.000000,0.000
103.0065,2.306766,0.306766,0.000000,0.000
103.0069,2.306766,0.306766,0.000000,0.000
103.0072,2.306766,0.306766,0.000000,0.000
103.0178,1.578122,-0.344577,0.507818,0.000
103.1042,2.306766,0.306766,0.000000,0.000
103.1048,2.306766,0.306766,0.000000,0.000
103.1054,2.306766,0.306766,0.000000,0.000
103.1059,2.306766,0.306766,0.000000,0.000
103.1179,1.599613,-0.344619,0.512130,0.000
103.2056,2.306766,0.306766,0.000000,0.000
103.2060,2.306766,0.306766,0.000000,0.000
103.2063,2.306766,0.306766,0.000000,0.000
103.2069,2.306766,0.306766,0.000000,0.000
103.2196,1.617456,-0.334132,0.520403,0.000
103.3050,2.306766,0.306766,0.000000,0.000
103.3055,2.306766,0.306766,0.000000,0.000
103.3059,2.306766,0.306766,0.000000,0.000
103.3062,2.306766,0.306766,0.000000,0.000
103.3209,1.628374,-0.351786,0.531443,0.000
103.4048,2.306766,0.306766,0.000000,0.000
103.4054,2.306766,0.306766,0.000000,0.000
103.4057,2.306766,0.306766,0.000000,0.000
103.4061,2.306766,0.306766,0.000000,0.000
103.4240,1.578276,-0.373501,0.523035,0.000
103.5090,2.306766,0.306766,0.000000,0.000
103.5096,2.306766,0.306766,0.000000,0.000
103.5110,2.306766,0.306766,0.000000,0.000
103.5116,2.306766,0.306766,0.000000,0.000
103.5203,1.613591,-0.364636,0.551266,0.000
103.6051,2.306766,0.306766,0.000000,0.000
103.6058,2.306766,0.306766,0.000000,0.000
103.6063,2.306766,0.306766,0.000000,0.000
103.6066,2.306766,0.306766,0.000000,0.000
103.6220,1.618646,-0.365173,0.529560,0.000
103.7063,2.306766,0.306766,0.000000,0.000
103.7069,2.306766,0.306766,0.000000,0.000
103.7073,2.306766,0.306766,0.000000,0.000
103.7076,2.306766,0.306766,0.000000,0.000
103.7178,1.618091,-0.328897,0.528387,0.000
103.8043,2.306766,0.306766,0.000000,0.000
103.8049,2.306766,0.306766,0.000000,0.000
103.8053,2.306766,0.306766,0.000000,0.000
103.8071,2.306766,0.306766,0.000000,0.000
103.8187,1.666492,-0.317092,0.524256,0.000
103.9084,2.306766,0.306766,0.000000,0.000
103.9112,2.306766,0.306766,0.000000,0.000
103.9133,2.306766,0.306766,0.000000,0.000
103.9136,2.306766,0.306766,0.000000,0.000
103.9176,1.651932,-0.326235,0.509363,0.000
104.0050,2.306766,0.306766,0.000000,0.000
104.0055,2.306766,0.306766,0.000000,0.000
104.0057,2.306766,0.306766,0.000000,0.000
104.0065,2.306766,0.306766,0.000000,0.000
104.0183,1.644207,-0.344250,0.529164,0.000
104.1049,2.306766,0.306766,0.000000,0.000
104.1059,2.306766,0.306766,0.000000,0.000
104.1066,2.306766,0.306766,0.000000,0.000
104.1071,2.306766,0.306766,0.000000,0.000
104.1184,1.631959,-0.319207,0.552153,0.000
104.2057,2.306766,0.306766,0.000000,0.000
104.2062,2.306766,0.306766,0.000000,0.000
104.2065,2.306766,0.306766,0.000000,0.000
104.2067,2.306766,0.306766,0.000000,0.000
104.2275,1.632638,-0.336934,0.555750,0.000
104.3052,2.306766,0.306766,0.000000,0.000
104.3057,2.306766,0.306766,0.000000,0.000
104.3061,2.306766,0.306766,0.000000,0.000
104.3085,2.306766,0.306766,0.000000,0.000
104.3190,1.576443,-0.361710,0.541577,0.000
104.4056,2.306766,0.306766,0.000000,0.000
104.4063,2.306766,0.306766,0.000000,0.000
104.4067,2.306766,0.306766,0.000000,0.000
104.4087,2.306766,0.306766,0.000000,0.000
104.4191,1.616743,-0.340328,0.545815,0.000
104.5049,2.306766,0.306766,0.000000,0.000
104.5054,2.306766,0.306766,0.000000,0.000
104.5057,2.306766,0.306766,0.000000,0.000
104.5061,2.306766,0.306766,0.000000,0.000
104.5203,1.617670,-0.344897,0.528990,0.000
104.6061,2.306766,0.306766,0.000000,0.000
104.6073,2.306766,0.306766,0.000000,0.000
104.6078,2.306766,0.306766,0.000000,0.000
104.6082,2.306766,0.306766,0.000000,0.000
104.6187,1.605183,-0.348143,0.550759,0.000
104.7047,2.306766,0.306766,0.000000,0.000
104.7055,2.306766,0.306766,0.000000,0.000
104.7072,2.306766,0.306766,0.000000,0.000
104.7076,2.306766,0.306766,0.000000,0.000
104.7187,1.567278,-0.374823,0.532322,0.000
104.8043,2.306766,0.306766,0.000000,0.000
104.8049,2.306766,0.306766,0.000000,0.000
104.8052,2.306766,0.306766,0.000000,0.000
104.8055,2.306766,0.306766,0.000000,0.000
104.8196,1.607344,-0.363629,0.533559,0.000
104.9076,2.306766,0.306766,0.000000,0.000
104.9082,2.306766,0.306766,0.000000,0.000
104.9089,2.306766,0.306766,0.000000,0.000
104.9100,2.306766,0.306766,0.000000,0.000
104.9192,1.623455,-0.370724,0.531022,0.000
105.0058,2.306766,0.306766,0.000000,0.000
105.0065,2.306766,0.306766,0.000000,0.000
105.0069,2.306766,0.306766,0.000000,0.000
105.0073,2.306766,0.306766,0.000000,0.000
105.0206,1.594396,-0.378962,0.533420,0.000
105.1069,2.306766,0.306766,0.000000,0.000
105.1077,2.306766,0.306766,0.000000,0.000
105.1083,2.306766,0.306766,0.000000,0.000
105.1088,2.306766,0.306766,0.000000,0.000
105.1188,1.590442,-0.347555,0.533171,0.000
105.2048,2.306766,0.306766,0.000000,0.000
105.2053,2.306766,0.306766,0.000000,0.000
105.2056,2.306766,0.306766,0.000000,0.000
105.2059,2.306766,0.306766,0.000000,0.000
105.2199,1.602894,-0.337724,0.512035,0.000
105.3057,2.306766,0.306766,0.000000,0.000
105.3066,2.306766,0.306766,0.000000,0.000
105.3071,2.306766,0.306766,0.000000,0.000
105.3074,2.306766,0.306766,0.000000,0.000
105.3179,1.612794,-0.349025,0.531265,0.000
105.4047,2.306766,0.306766,0.000000,0.000
105.4054,2.306766,0.306766,0.000000,0.000
105.4058,2.306766,0.306766,0.000000,0.000
105.4061,2.306766,0.306766,0.000000,0.000
105.4192,1.607487,-0.324632,0.505274,0.000
105.5080,2.306766,0.306766,0.000000,0.000
105.5086,2.306766,0.306766,0.000000,0.000
105.5090,2.306766,0.306766,0.000000,0.000
105.5094,2.306766,0.306766,0.000000,0.000
105.5243,1.596218,-0.337537,0.526877,0.000
105.6070,2.306766,0.306766,0.000000,0.000
105.6075,2.306766,0.306766,0.000000,0.000
105.6078,2.306766,0.306766,0.000000,0.000
105.6082,2.306766,0.306766,0.000000,0.000
105.6190,1.569656,-0.316967,0.513203,0.000
105.7053,2.306766,0.306766,0.000000,0.000
105.7059,2.306766,0.306766,0.000000,0.000
105.7063,2.306766,0.306766,0.000000,0.000
105.7066,2.306766,0.306766,0.000000,0.000
105.7204,1.614498,-0.313283,0.513719,0.000
105.8068,2.306766,0.306766,0.000000,0.000
105.8080,2.306766,0.306766,0.000000,0.000
105.8085,2.306766,0.306766,0.000000,0.000
105.8089,2.306766,0.306766,0.000000,0.000
105.8190,1.644575,-0.374137,0.494543,0.000
105.9067,2.306766,0.306766,0.000000,0.000
105.9071,2.306766,0.306766,0.000000,0.000
105.9074,2.306766,0.306766,0.000000,0.000
105.9077,2.306766,0.306766,0.000000,0.000
105.9221,1.631287,-0.366528,0.521553,0.000
106.0076,2.306766,0.306766,0.000000,0.000
106.0082,2.306766,0.306766,0.000000,0.000
106.0088,2.306766,0.306766,0.000000,0.000
106.0096,2.306766,0.306766,0.000000,0.000
106.0189,1.631169,-0.353437,0.517904,0.000
106.1053,2.306766,0.306766,0.000000,0.000
106.1058,2.306766,0.306766,0.000000,0.000
106.1062,2.306766,0.306766,0.000000,0.000
106.1065,2.306766,0.306766,0.000000,0.000
106.1239,1.608229,-0.390080,0.507775,0.000
106.2099,2.306766,0.306766,0.000000,0.000
106.2113,2.306766,0.306766,0.000000,0.000
106.2118,2.306766,0.306766,0.000000,0.000
106.2152,2.306766,0.306766,0.000000,0.000
106.2186,1.628711,-0.369565,0.508228,0.000
106.3065,2.306766,0.306766,0.000000,0.000
106.3071,2.306766,0.306766,0.000000,0.000
106.3074,2.306766,0.306766,0.000000,0.000
106.3078,2.306766,0.306766,0.000000,0.000
106.3191,1.600877,-0.358956,0.519083,0.000
106.4055,2.306766,0.306766,0.000000,0.000
106.4080,2.306766,0.306766,0.000000,0.000
106.4086,2.306766,0.306766,0.000000,0.000
106.4089,2.306766,0.306766,0.000000,0.000
106.4199,1.574202,-0.360796,0.509235,0.000
106.5045,2.306766,0.306766,0.000000,0.000
106.5059,2.306766,0.306766,0.000000,0.000
106.5080,2.306766,0.306766,0.000000,0.000
106.5084,2.306766,0.306766,0.000000,0.000
106.5204,1.568059,-0.351599,0.510851,0.000
106.6089,2.306766,0.306766,0.000000,0.000
106.6095,2.306766,0.306766,0.000000,0.000
106.6099,2.306766,0.306766,0.000000,0.000
106.6102,2.306766,0.306766,0.000000,0.000
106.6199,1.538839,-0.390043,0.496654,0.000
106.7049,2.306766,0.306766,0.000000,0.000
106.7054,2.306766,0.306766,0.000000,0.000
106.7056,2.306766,0.306766,0.000000,0.000
106.7059,2.306766,0.306766,0.000000,0.000
106.7209,1.572143,-0.358455,0.511624,0.000
106.8096,2.306766,0.306766,0.000000,0.000
106.8101,2.306766,0.306766,0.000000,0.000
106.8104,2.306766,0.306766,0.000000,0.000
106.8107,2.306766,0.306766,0.000000,0.000
106.8216,1.576871,-0.364329,0.506370,0.000
106.9044,2.306766,0.306766,0.000000,0.000
106.9074,2.306766,0.306766,0.000000,0.000
106.9078,2.306766,0.306766,0.000000,0.000
106.9082,2.306766,0.306766,0.000000,0.000
106.9192,1.563662,-0.391169,0.509934,0.000
107.0044,2.306766,0.306766,0.000000,0.000
107.0048,2.306766,0.306766,0.000000,0.000
107.0052,2.306766,0.306766,0.000000,0.000
107.0056,2.306766,0.306766,0.000000,0.000
107.0207,1.527090,-0.418492,0.519721,0.000
107.1048,2.306766,0.306766,0.000000,0.000
107.1080,2.306766,0.306766,0.000000,0.000
107.1084,2.306766,0.306766,0.000000,0.000
107.1087,2.306766,0.306766,0.000000,0.000
107.1178,1.539631,-0.407871,0.515438,0.000
107.2054,2.306766,0.306766,0.000000,0.000
107.2060,2.306766,0.306766,0.000000,0.000
107.2064,2.306766,0.306766,0.000000,0.000
107.2068,2.306766,0.306766,0.000000,0.000
107.2211,1.499486,-0.418294,0.512544,0.000
107.3041,2.306766,0.306766,0.000000,0.000
107.3056,2.306766,0.306766,0.000000,0.000
107.3060,2.306766,0.306766,0.000000,0.000
107.3064,2.306766,0.306766,0.000000,0.000
